{
  "images\\train\\cat.jpg": [
    {
      "class_id": 0,
      "bbox": [
        0.868,
        0.624,
        1.0,
        1.0
      ]
    },
    {
      "class_id": 1,
      "bbox": [
        0.69,
        0.459,
        0.11,
        0.1
      ]
    },
    {
      "class_id": 1,
      "bbox": [
        0.913,
        0.453,
        0.108,
        0.1
      ]
    }
  ],
  "images\\train\\cat_flip_vertical.jpg": [],
  "images\\val\\car.jpg": [
    {
      "class_id": 2,
      "bbox": [
        0.727,
        0.707,
        0.924,
        0.98
      ]
    },
    {
      "class_id": 3,
      "bbox": [
        0.957,
        0.613,
        0.096,
        0.072
      ]
    }
  ],
  "images\\val\\car_flip_vertical.jpg": [],
  "images\\test\\dog.jpg": [
    {
      "class_id": 2,
      "bbox": [
        0.884,
        0.635,
        1.0,
        1.0
      ]
    }
  ],
  "images\\test\\dog_flip_vertical.jpg": []
}