{
  "release_name": "version_auto_2025_09_20_19_40",
  "description": "",
  "project_id": 1,
  "dataset_ids": [
    "6ec272ad-f769-4b77-9feb-07a7f6ddc4f8"
  ],
  "export_format": "yolo_detection",
  "task_type": "object_detection",
  "images_per_original": 2,
  "sampling_strategy": "intelligent",
  "output_format": "original",
  "include_original": true,
  "split_sections": [
    "train",
    "val",
    "test"
  ],
  "preserve_original_splits": true,
  "classes": [
    "cat",
    "cat eye",
    "dog",
    "dog eye"
  ],
  "split_counts": {
    "train": 2,
    "val": 2,
    "test": 2
  },
  "total_images": 6,
  "transformations": [
    {
      "type": "resize",
      "params": {
        "width": 500,
        "height": 500
      }
    },
    {
      "type": "flip",
      "params": {
        "vertical": true
      }
    }
  ]
}