{
  "images\\train\\cat.jpg": [
    {
      "class_id": 0,
      "polygon": [
        0.260625,
        0.959167,
        0.234375,
        0.929167,
        0.225625,
        0.844167,
        0.200625,
        0.8075,
        0.136875,
        0.8075,
        0.149375,
        0.7375,
        0.248125,
        0.575833,
        0.285625,
        0.509167,
        0.313125,
        0.360833,
        0.306875,
        0.280833,
        0.295625,
        0.110833,
        0.330625,
        0.040833,
        0.378125,
        0.1025,
        0.420625,
        0.170833,
        0.481875,
        0.179167,
        0.535625,
        0.179167,
        0.581875,
        0.174167,
        0.643125,
        0.134167,
        0.673125,
        0.1025,
        0.700625,
        0.095833,
        0.689375,
        0.175833,
        0.669375,
        0.275833,
        0.665625,
        0.334167,
        0.675625,
        0.410833,
        0.669375,
        0.505833,
        0.663125,
        0.5725,
        0.703125,
        0.650833,
        0.740625,
        0.709167,
        0.765625,
        0.7975,
        0.746875,
        0.890833,
        0.698125,
        0.9325,
        0.631875,
        0.885833,
        0.595625,
        0.820833,
        0.568125,
        0.804167,
        0.423125,
        0.814167,
        0.359375,
        0.819167,
        0.361875,
        0.915833,
        0.296875,
        0.965833
      ]
    }
  ],
  "images\\train\\cat_crop78.jpg": [
    {
      "class_id": 0,
      "polygon": [
        0.193109,
        1.0,
        0.159455,
        1.0,
        0.148237,
        0.941239,
        0.116186,
        0.894231,
        0.034455,
        0.894231,
        0.050481,
        0.804487,
        0.177083,
        0.597222,
        0.22516,
        0.511752,
        0.260417,
        0.321581,
        0.252404,
        0.219017,
        0.237981,
        0.001068,
        0.282853,
        0.0,
        0.34375,
        0.0,
        0.398237,
        0.077991,
        0.476763,
        0.088675,
        0.545673,
        0.088675,
        0.604968,
        0.082265,
        0.683494,
        0.030983,
        0.721955,
        0.0,
        0.757212,
        0.0,
        0.742788,
        0.084402,
        0.717147,
        0.212607,
        0.71234,
        0.287393,
        0.72516,
        0.385684,
        0.717147,
        0.507479,
        0.709135,
        0.592949,
        0.760417,
        0.693376,
        0.808494,
        0.768162,
        0.840545,
        0.88141,
        0.816506,
        1.0,
        0.754006,
        1.0,
        0.669071,
        0.994658,
        0.622596,
        0.911325,
        0.58734,
        0.889957,
        0.401442,
        0.902778,
        0.319712,
        0.909188,
        0.322917,
        1.0,
        0.239583,
        1.0
      ]
    }
  ],
  "images\\train\\cat_rotate-35.jpg": [
    {
      "class_id": 0,
      "polygon": [
        0.503637,
        1.0,
        0.469211,
        1.0,
        0.425232,
        0.992287,
        0.388937,
        0.981624,
        0.336908,
        1.0,
        0.316773,
        0.963981,
        0.327301,
        0.755954,
        0.329013,
        0.672652,
        0.28717,
        0.530404,
        0.247398,
        0.469928,
        0.16454,
        0.339853,
        0.162767,
        0.255756,
        0.228259,
        0.269487,
        0.29256,
        0.292511,
        0.346161,
        0.252121,
        0.390028,
        0.210708,
        0.425607,
        0.170992,
        0.45826,
        0.091155,
        0.46902,
        0.042197,
        0.488575,
        0.015567,
        0.514064,
        0.089526,
        0.541081,
        0.18655,
        0.563302,
        0.237047,
        0.60469,
        0.291913,
        0.640761,
        0.374261,
        0.664553,
        0.433486,
        0.731148,
        0.466598,
        0.787035,
        0.485313,
        0.845721,
        0.538143,
        0.870868,
        0.628762,
        0.84914,
        0.700329,
        0.774846,
        0.713286,
        0.71709,
        0.688167,
        0.687423,
        0.695753,
        0.573417,
        0.815634,
        0.523555,
        0.868832,
        0.56749,
        0.945799,
        0.536111,
        1.0
      ]
    }
  ],
  "images\\train\\cat_rotate-35_crop78.jpg": [
    {
      "class_id": 0,
      "polygon": [
        0.375525,
        0.714967,
        0.340217,
        0.711523,
        0.295109,
        0.660879,
        0.257884,
        0.652256,
        0.204521,
        0.691974,
        0.183869,
        0.63799,
        0.194668,
        0.469774,
        0.196424,
        0.402414,
        0.153508,
        0.287388,
        0.112716,
        0.238486,
        0.027733,
        0.133304,
        0.025915,
        0.065302,
        0.093087,
        0.076405,
        0.159036,
        0.095023,
        0.214011,
        0.062362,
        0.259003,
        0.028874,
        0.295495,
        0.0,
        0.328985,
        0.0,
        0.340021,
        0.0,
        0.360076,
        0.0,
        0.38622,
        0.0,
        0.413929,
        0.009339,
        0.43672,
        0.050173,
        0.479169,
        0.094539,
        0.516166,
        0.161128,
        0.540568,
        0.209018,
        0.60887,
        0.235793,
        0.666189,
        0.250927,
        0.726381,
        0.293647,
        0.752173,
        0.366924,
        0.729887,
        0.424794,
        0.653688,
        0.435272,
        0.594451,
        0.41496,
        0.564024,
        0.421094,
        0.447094,
        0.518033,
        0.395954,
        0.56105,
        0.441016,
        0.623288,
        0.408832,
        0.696782
      ]
    }
  ],
  "images\\train\\cat_rotate35.jpg": [
    {
      "class_id": 0,
      "polygon": [
        0.105637,
        0.69031,
        0.097216,
        0.645601,
        0.126913,
        0.569488,
        0.1224,
        0.520301,
        0.070372,
        0.471183,
        0.110911,
        0.423684,
        0.26157,
        0.367827,
        0.321068,
        0.34231,
        0.407798,
        0.242438,
        0.437369,
        0.172332,
        0.501864,
        0.02492,
        0.560766,
        0.0,
        0.572807,
        0.081683,
        0.577878,
        0.170198,
        0.624254,
        0.224191,
        0.668122,
        0.265604,
        0.708035,
        0.297158,
        0.775359,
        0.311704,
        0.813568,
        0.308974,
        0.838901,
        0.324721,
        0.795048,
        0.381344,
        0.735386,
        0.447549,
        0.707044,
        0.492267,
        0.681978,
        0.562543,
        0.635705,
        0.63526,
        0.601711,
        0.684854,
        0.600408,
        0.779604,
        0.605732,
        0.856105,
        0.587852,
        0.947459,
        0.532099,
        1.0,
        0.474255,
        1.0,
        0.440411,
        0.9165,
        0.438996,
        0.835521,
        0.423776,
        0.800731,
        0.301102,
        0.697173,
        0.246906,
        0.652136,
        0.207052,
        0.732955,
        0.132333,
        0.723681
      ]
    }
  ],
  "images\\train\\cat_rotate35_crop78.jpg": [
    {
      "class_id": 0,
      "polygon": [
        0.0,
        0.416693,
        0.0,
        0.38054,
        0.0,
        0.318993,
        0.0,
        0.279219,
        0.0,
        0.239501,
        0.0,
        0.201092,
        0.127251,
        0.155924,
        0.188275,
        0.135291,
        0.277229,
        0.054532,
        0.307558,
        0.0,
        0.373707,
        0.0,
        0.434119,
        0.0,
        0.446469,
        0.0,
        0.451669,
        0.0,
        0.499235,
        0.039777,
        0.544228,
        0.073265,
        0.585164,
        0.09878,
        0.654215,
        0.110542,
        0.693403,
        0.108335,
        0.719385,
        0.121068,
        0.674408,
        0.166855,
        0.613216,
        0.22039,
        0.584148,
        0.25655,
        0.558439,
        0.313377,
        0.51098,
        0.372178,
        0.476114,
        0.412281,
        0.474777,
        0.488898,
        0.480238,
        0.550759,
        0.4619,
        0.62463,
        0.404717,
        0.674543,
        0.345389,
        0.671669,
        0.310678,
        0.599595,
        0.309227,
        0.534114,
        0.293616,
        0.505982,
        0.167797,
        0.422242,
        0.112211,
        0.385824,
        0.071335,
        0.451177,
        0.0,
        0.443677
      ]
    }
  ],
  "images\\val\\dog.jpg": [
    {
      "class_id": 1,
      "polygon": [
        0.368125,
        0.995833,
        0.370625,
        0.9375,
        0.343125,
        0.905833,
        0.336875,
        0.810833,
        0.326875,
        0.744167,
        0.300625,
        0.654167,
        0.299375,
        0.579167,
        0.284375,
        0.5025,
        0.259375,
        0.4625,
        0.230625,
        0.4075,
        0.224375,
        0.3675,
        0.231875,
        0.314167,
        0.270625,
        0.2675,
        0.290625,
        0.235833,
        0.326875,
        0.130833,
        0.348125,
        0.1025,
        0.395625,
        0.0725,
        0.443125,
        0.0575,
        0.506875,
        0.0575,
        0.553125,
        0.0625,
        0.614375,
        0.0675,
        0.668125,
        0.1325,
        0.723125,
        0.194167,
        0.761875,
        0.2525,
        0.774375,
        0.314167,
        0.785625,
        0.394167,
        0.791875,
        0.4425,
        0.793125,
        0.4875,
        0.766875,
        0.540833,
        0.755625,
        0.585833,
        0.800625,
        0.675833,
        0.818125,
        0.710833,
        0.863125,
        0.595833,
        0.889375,
        0.619167,
        0.899375,
        0.675833,
        0.876875,
        0.7575,
        0.844375,
        0.810833,
        0.835625,
        0.879167,
        0.845625,
        0.954167,
        0.860625,
        0.990833,
        0.860625,
        0.9925,
        0.860625,
        0.9925
      ]
    }
  ],
  "images\\val\\dog_crop78.jpg": [
    {
      "class_id": 1,
      "polygon": [
        0.330929,
        1.0,
        0.334135,
        1.0,
        0.298878,
        1.0,
        0.290865,
        0.898504,
        0.278045,
        0.813034,
        0.244391,
        0.69765,
        0.242788,
        0.601496,
        0.223558,
        0.503205,
        0.191506,
        0.451923,
        0.154647,
        0.38141,
        0.146635,
        0.330128,
        0.15625,
        0.261752,
        0.205929,
        0.201923,
        0.231571,
        0.161325,
        0.278045,
        0.026709,
        0.305288,
        0.0,
        0.366186,
        0.0,
        0.427083,
        0.0,
        0.508814,
        0.0,
        0.568109,
        0.0,
        0.646635,
        0.0,
        0.715545,
        0.028846,
        0.786058,
        0.107906,
        0.835737,
        0.182692,
        0.851763,
        0.261752,
        0.866186,
        0.364316,
        0.874199,
        0.426282,
        0.875801,
        0.483974,
        0.842147,
        0.55235,
        0.827724,
        0.610043,
        0.885417,
        0.725427,
        0.907853,
        0.770299,
        0.965545,
        0.622863,
        0.999199,
        0.652778,
        1.0,
        0.725427,
        0.983173,
        0.830128,
        0.941506,
        0.898504,
        0.930288,
        0.986111,
        0.943109,
        1.0,
        0.96234,
        1.0,
        0.96234,
        1.0,
        0.96234,
        1.0
      ]
    }
  ],
  "images\\val\\dog_rotate-35.jpg": [
    {
      "class_id": 1,
      "polygon": [
        0.607263,
        1.0,
        0.584022,
        0.956741,
        0.547854,
        0.952084,
        0.501581,
        0.879367,
        0.464526,
        0.832662,
        0.404097,
        0.779435,
        0.370573,
        0.719188,
        0.325104,
        0.668174,
        0.287365,
        0.654791,
        0.240064,
        0.632054,
        0.217627,
        0.604224,
        0.200634,
        0.554919,
        0.212035,
        0.486976,
        0.214633,
        0.445722,
        0.198712,
        0.332098,
        0.203775,
        0.292601,
        0.22954,
        0.23152,
        0.261806,
        0.18268,
        0.313834,
        0.133562,
        0.353748,
        0.102008,
        0.405903,
        0.058897,
        0.477941,
        0.070533,
        0.549555,
        0.078485,
        0.606461,
        0.096237,
        0.643389,
        0.136935,
        0.687242,
        0.193558,
        0.71329,
        0.228189,
        0.733813,
        0.263952,
        0.735504,
        0.327705,
        0.745825,
        0.373099,
        0.821556,
        0.41188,
        0.851008,
        0.426961,
        0.837893,
        0.298434,
        0.86943,
        0.297252,
        0.90215,
        0.335795,
        0.919181,
        0.419782,
        0.91577,
        0.48835,
        0.938244,
        0.550861,
        0.97891,
        0.604366,
        1.0,
        0.622734,
        1.0,
        0.624095,
        1.0,
        0.624095
      ]
    }
  ],
  "images\\val\\dog_rotate-35_crop78.jpg": [
    {
      "class_id": 1,
      "polygon": [
        0.481808,
        0.67219,
        0.457971,
        0.632135,
        0.420876,
        0.62837,
        0.373416,
        0.569569,
        0.335412,
        0.531802,
        0.273433,
        0.488761,
        0.239049,
        0.440044,
        0.192414,
        0.398793,
        0.153707,
        0.387971,
        0.105194,
        0.369586,
        0.082182,
        0.347082,
        0.064753,
        0.307212,
        0.076446,
        0.252272,
        0.079111,
        0.218913,
        0.062781,
        0.127033,
        0.067975,
        0.095096,
        0.0944,
        0.045703,
        0.127493,
        0.00621,
        0.180856,
        0.0,
        0.221793,
        0.0,
        0.275285,
        0.0,
        0.34917,
        0.0,
        0.42262,
        0.0,
        0.480986,
        0.0,
        0.51886,
        0.0,
        0.563838,
        0.015006,
        0.590554,
        0.04301,
        0.611603,
        0.071929,
        0.613337,
        0.123481,
        0.623923,
        0.160188,
        0.701596,
        0.191547,
        0.731803,
        0.203742,
        0.718352,
        0.099812,
        0.750697,
        0.098856,
        0.784256,
        0.130023,
        0.801724,
        0.197937,
        0.798226,
        0.253383,
        0.821276,
        0.303931,
        0.862985,
        0.347197,
        0.891839,
        0.362049,
        0.89258,
        0.363149,
        0.89258,
        0.363149
      ]
    }
  ],
  "images\\val\\dog_rotate35.jpg": [
    {
      "class_id": 1,
      "polygon": [
        0.177481,
        0.803062,
        0.204803,
        0.75738,
        0.196083,
        0.710347,
        0.232154,
        0.627999,
        0.252886,
        0.565885,
        0.270468,
        0.472207,
        0.301952,
        0.410034,
        0.322937,
        0.335906,
        0.319869,
        0.283999,
        0.320242,
        0.21696,
        0.332477,
        0.179499,
        0.361712,
        0.14175,
        0.413562,
        0.13352,
        0.443609,
        0.123085,
        0.518701,
        0.06532,
        0.548323,
        0.058569,
        0.600091,
        0.070683,
        0.645359,
        0.095038,
        0.697387,
        0.144156,
        0.732967,
        0.183871,
        0.780788,
        0.235144,
        0.796485,
        0.329606,
        0.814647,
        0.422311,
        0.820991,
        0.499775,
        0.804467,
        0.559734,
        0.778977,
        0.633693,
        0.76313,
        0.677955,
        0.744648,
        0.715644,
        0.70011,
        0.738947,
        0.671426,
        0.767005,
        0.669146,
        0.875129,
        0.66826,
        0.917177,
        0.754826,
        0.857993,
        0.766138,
        0.897261,
        0.74974,
        0.951213,
        0.695983,
        1.0,
        0.646344,
        1.0,
        0.609588,
        1.0,
        0.585245,
        1.0,
        0.581596,
        1.0,
        0.580873,
        1.0,
        0.580873,
        1.0
      ]
    }
  ],
  "images\\val\\dog_rotate35_crop78.jpg": [
    {
      "class_id": 1,
      "polygon": [
        0.041006,
        0.507867,
        0.069028,
        0.470927,
        0.060085,
        0.432895,
        0.097082,
        0.366306,
        0.118345,
        0.316079,
        0.136377,
        0.240329,
        0.168669,
        0.190054,
        0.190192,
        0.130113,
        0.187045,
        0.088139,
        0.187427,
        0.03393,
        0.199976,
        0.003638,
        0.229961,
        0.0,
        0.283141,
        0.0,
        0.313958,
        0.0,
        0.390975,
        0.0,
        0.421357,
        0.0,
        0.474453,
        0.0,
        0.520881,
        0.0,
        0.574244,
        0.0,
        0.610735,
        0.007174,
        0.659783,
        0.048634,
        0.675882,
        0.125018,
        0.69451,
        0.199982,
        0.701016,
        0.262621,
        0.684068,
        0.311106,
        0.657925,
        0.370911,
        0.641672,
        0.406702,
        0.622716,
        0.437179,
        0.577036,
        0.456022,
        0.547616,
        0.47871,
        0.545278,
        0.566142,
        0.544369,
        0.600143,
        0.633155,
        0.552285,
        0.644756,
        0.584038,
        0.627938,
        0.627666,
        0.572803,
        0.667544,
        0.521892,
        0.682493,
        0.484193,
        0.722138,
        0.459225,
        0.777864,
        0.455483,
        0.811408,
        0.454742,
        0.812508,
        0.454742,
        0.812508
      ]
    }
  ],
  "images\\test\\car.jpg": [
    {
      "class_id": 1,
      "polygon": [
        0.179375,
        0.9825,
        0.163125,
        0.930833,
        0.170625,
        0.860833,
        0.196875,
        0.730833,
        0.261875,
        0.5975,
        0.256875,
        0.545833,
        0.296875,
        0.4825,
        0.338125,
        0.4175,
        0.408125,
        0.375833,
        0.401875,
        0.3025,
        0.449375,
        0.2225,
        0.496875,
        0.224167,
        0.548125,
        0.3425,
        0.575625,
        0.3575,
        0.601875,
        0.240833,
        0.643125,
        0.149167,
        0.690625,
        0.239167,
        0.679375,
        0.325833,
        0.678125,
        0.3625,
        0.694375,
        0.399167,
        0.723125,
        0.465833,
        0.741875,
        0.545833,
        0.738125,
        0.660833,
        0.651875,
        0.685833,
        0.588125,
        0.714167,
        0.584375,
        0.799167,
        0.613125,
        0.9075,
        0.621875,
        0.984167
      ]
    }
  ],
  "images\\test\\car_crop78.jpg": [
    {
      "class_id": 1,
      "polygon": [
        0.088942,
        1.0,
        0.068109,
        1.0,
        0.077724,
        0.962607,
        0.111378,
        0.79594,
        0.194712,
        0.625,
        0.188301,
        0.558761,
        0.239583,
        0.477564,
        0.292468,
        0.394231,
        0.382212,
        0.340812,
        0.374199,
        0.246795,
        0.435096,
        0.144231,
        0.495994,
        0.146368,
        0.561699,
        0.298077,
        0.596955,
        0.317308,
        0.630609,
        0.167735,
        0.683494,
        0.050214,
        0.744391,
        0.165598,
        0.729968,
        0.276709,
        0.728365,
        0.323718,
        0.749199,
        0.370726,
        0.786058,
        0.456197,
        0.810096,
        0.558761,
        0.805288,
        0.706197,
        0.694712,
        0.738248,
        0.612981,
        0.774573,
        0.608173,
        0.883547,
        0.645032,
        1.0,
        0.65625,
        1.0
      ]
    }
  ],
  "images\\test\\car_rotate-35.jpg": [
    {
      "class_id": 1,
      "polygon": [
        0.447438,
        1.0,
        0.411784,
        1.0,
        0.387567,
        1.0,
        0.35265,
        0.921943,
        0.347913,
        0.763043,
        0.32144,
        0.724728,
        0.326638,
        0.642221,
        0.332133,
        0.55739,
        0.371204,
        0.46945,
        0.334321,
        0.414416,
        0.338416,
        0.312527,
        0.377905,
        0.27729,
        0.471017,
        0.334379,
        0.499962,
        0.325433,
        0.470823,
        0.209992,
        0.464761,
        0.103397,
        0.542533,
        0.140252,
        0.570912,
        0.219652,
        0.585783,
        0.25054,
        0.614936,
        0.267945,
        0.667293,
        0.300203,
        0.717267,
        0.351047,
        0.764047,
        0.447792,
        0.70449,
        0.534649,
        0.664741,
        0.606891,
        0.698518,
        0.679152,
        0.768933,
        0.745416,
        0.809301,
        0.801245
      ]
    }
  ],
  "images\\test\\car_rotate-35_crop78.jpg": [
    {
      "class_id": 1,
      "polygon": [
        0.317885,
        0.780987,
        0.281317,
        0.757014,
        0.256479,
        0.706145,
        0.220667,
        0.603997,
        0.215808,
        0.475507,
        0.188657,
        0.444524,
        0.193987,
        0.377806,
        0.199623,
        0.30921,
        0.239697,
        0.2381,
        0.201868,
        0.193598,
        0.206068,
        0.111208,
        0.24657,
        0.082714,
        0.342069,
        0.128878,
        0.371756,
        0.121644,
        0.34187,
        0.028295,
        0.335652,
        0.0,
        0.415418,
        0.0,
        0.444525,
        0.036107,
        0.459777,
        0.061083,
        0.489678,
        0.075157,
        0.543378,
        0.101242,
        0.594633,
        0.142356,
        0.642612,
        0.220587,
        0.581528,
        0.290822,
        0.540759,
        0.349238,
        0.575404,
        0.40767,
        0.647624,
        0.461253,
        0.689027,
        0.506397
      ]
    }
  ],
  "images\\test\\car_rotate35.jpg": [
    {
      "class_id": 1,
      "polygon": [
        0.029214,
        0.646752,
        0.038343,
        0.592065,
        0.074802,
        0.540714,
        0.152567,
        0.454841,
        0.263401,
        0.396104,
        0.281713,
        0.350084,
        0.341806,
        0.329214,
        0.403643,
        0.307948,
        0.47883,
        0.327875,
        0.505512,
        0.26321,
        0.57895,
        0.234516,
        0.616994,
        0.272474,
        0.607536,
        0.408538,
        0.623479,
        0.441968,
        0.695465,
        0.366977,
        0.768858,
        0.323946,
        0.76862,
        0.433996,
        0.721877,
        0.49606,
        0.704966,
        0.525022,
        0.702337,
        0.567468,
        0.696908,
        0.644028,
        0.677539,
        0.723765,
        0.624639,
        0.814732,
        0.543412,
        0.768682,
        0.479104,
        0.742688,
        0.439205,
        0.80917,
        0.415718,
        0.919736,
        0.389632,
        0.989048
      ]
    }
  ],
  "images\\test\\car_rotate35_crop78.jpg": [
    {
      "class_id": 1,
      "polygon": [
        0.0,
        0.381471,
        0.0,
        0.337249,
        0.0,
        0.295725,
        0.015453,
        0.226286,
        0.12913,
        0.17879,
        0.14791,
        0.141577,
        0.209545,
        0.124702,
        0.272967,
        0.107505,
        0.350082,
        0.123619,
        0.377448,
        0.071329,
        0.452769,
        0.048126,
        0.491789,
        0.07882,
        0.482088,
        0.188844,
        0.49844,
        0.215877,
        0.572272,
        0.155237,
        0.647547,
        0.120442,
        0.647302,
        0.209431,
        0.599361,
        0.259618,
        0.582016,
        0.283037,
        0.57932,
        0.317359,
        0.573752,
        0.379268,
        0.553887,
        0.443746,
        0.499629,
        0.517303,
        0.41632,
        0.480066,
        0.350363,
        0.459047,
        0.309441,
        0.512806,
        0.285352,
        0.602213,
        0.258597,
        0.65826
      ]
    }
  ]
}