{
  "release_name": "version_auto_2025_09_23_09_57",
  "description": "",
  "project_id": 1,
  "dataset_ids": [
    "7c2978c8-d056-46da-8baa-8d37258021d4"
  ],
  "export_format": "yolo_segmentation",
  "task_type": "segmentation",
  "images_per_original": 6,
  "sampling_strategy": "intelligent",
  "output_format": "original",
  "include_original": true,
  "split_sections": [
    "train",
    "val",
    "test"
  ],
  "preserve_original_splits": true,
  "classes": [
    "cat",
    "dog"
  ],
  "split_counts": {
    "train": 6,
    "val": 6,
    "test": 6
  },
  "total_images": 18,
  "transformations": [
    {
      "type": "resize",
      "params": {
        "width": 500,
        "height": 500
      }
    },
    {
      "type": "crop",
      "params": {
        "crop_percentage": 78
      }
    },
    {
      "type": "rotate",
      "params": {
        "angle": 35.3
      }
    }
  ]
}