{
  "images\\train\\car.jpg": [
    {
      "class_id": 1,
      "polygon": [
        0.169375,
        0.748125,
        0.165625,
        0.708125,
        0.168125,
        0.660625,
        0.188125,
        0.575625,
        0.218125,
        0.510625,
        0.244375,
        0.461875,
        0.258125,
        0.430625,
        0.256875,
        0.399375,
        0.283125,
        0.374375,
        0.315625,
        0.348125,
        0.343125,
        0.315625,
        0.364375,
        0.290625,
        0.376875,
        0.279375,
        0.390625,
        0.268125,
        0.406875,
        0.215625,
        0.428125,
        0.178125,
        0.439375,
        0.165625,
        0.466875,
        0.161875,
        0.515625,
        0.203125,
        0.549375,
        0.260625,
        0.566875,
        0.259375,
        0.580625,
        0.246875,
        0.590625,
        0.223125,
        0.596875,
        0.204375,
        0.611875,
        0.174375,
        0.644375,
        0.138125,
        0.683125,
        0.135625,
        0.681875,
        0.176875,
        0.680625,
        0.236875,
        0.670625,
        0.276875,
        0.676875,
        0.294375,
        0.706875,
        0.319375,
        0.726875,
        0.361875,
        0.725625,
        0.398125,
        0.739375,
        0.429375,
        0.743125,
        0.489375,
        0.714375,
        0.508125,
        0.664375,
        0.510625,
        0.629375,
        0.510625,
        0.606875,
        0.514375,
        0.559375,
        0.536875,
        0.573125,
        0.573125,
        0.579375,
        0.591875,
        0.583125,
        0.615625,
        0.583125,
        0.638125,
        0.598125,
        0.680625,
        0.604375,
        0.704375,
        0.606875,
        0.729375,
        0.601875,
        0.746875
      ]
    }
  ],
  "images\\train\\car_flip_vertical.jpg": [
    {
      "class_id": 1,
      "polygon": [
        0.169375,
        0.251875,
        0.165625,
        0.291875,
        0.168125,
        0.339375,
        0.188125,
        0.424375,
        0.218125,
        0.489375,
        0.244375,
        0.538125,
        0.258125,
        0.569375,
        0.256875,
        0.600625,
        0.283125,
        0.625625,
        0.315625,
        0.651875,
        0.343125,
        0.684375,
        0.364375,
        0.709375,
        0.376875,
        0.720625,
        0.390625,
        0.731875,
        0.406875,
        0.784375,
        0.428125,
        0.821875,
        0.439375,
        0.834375,
        0.466875,
        0.838125,
        0.515625,
        0.796875,
        0.549375,
        0.739375,
        0.566875,
        0.740625,
        0.580625,
        0.753125,
        0.590625,
        0.776875,
        0.596875,
        0.795625,
        0.611875,
        0.825625,
        0.644375,
        0.861875,
        0.683125,
        0.864375,
        0.681875,
        0.823125,
        0.680625,
        0.763125,
        0.670625,
        0.723125,
        0.676875,
        0.705625,
        0.706875,
        0.680625,
        0.726875,
        0.638125,
        0.725625,
        0.601875,
        0.739375,
        0.570625,
        0.743125,
        0.510625,
        0.714375,
        0.491875,
        0.664375,
        0.489375,
        0.629375,
        0.489375,
        0.606875,
        0.485625,
        0.559375,
        0.463125,
        0.573125,
        0.426875,
        0.579375,
        0.408125,
        0.583125,
        0.384375,
        0.583125,
        0.361875,
        0.598125,
        0.319375,
        0.604375,
        0.295625,
        0.606875,
        0.270625,
        0.601875,
        0.253125
      ]
    }
  ],
  "images\\train\\car_rotate-33.jpg": [
    {
      "class_id": 1,
      "polygon": [
        0.362606,
        0.889874,
        0.337292,
        0.858677,
        0.313017,
        0.817772,
        0.282494,
        0.735959,
        0.271388,
        0.665236,
        0.266178,
        0.610114,
        0.260279,
        0.576486,
        0.2419,
        0.551181,
        0.249868,
        0.515818,
        0.262341,
        0.475946,
        0.267188,
        0.43365,
        0.270996,
        0.40106,
        0.275153,
        0.384765,
        0.28035,
        0.367777,
        0.26474,
        0.315083,
        0.261613,
        0.272094,
        0.264037,
        0.255453,
        0.284835,
        0.237075,
        0.34828,
        0.244344,
        0.408262,
        0.273456,
        0.422127,
        0.262706,
        0.426631,
        0.244677,
        0.421773,
        0.21937,
        0.41657,
        0.200303,
        0.412404,
        0.167022,
        0.419329,
        0.118831,
        0.45018,
        0.095251,
        0.472028,
        0.130262,
        0.504278,
        0.180873,
        0.518153,
        0.2197,
        0.533062,
        0.230791,
        0.571892,
        0.234945,
        0.612112,
        0.259206,
        0.631185,
        0.290058,
        0.659963,
        0.308427,
        0.696374,
        0.356264,
        0.682858,
        0.387815,
        0.642648,
        0.417637,
        0.613529,
        0.437057,
        0.596891,
        0.45266,
        0.569857,
        0.497734,
        0.60141,
        0.520264,
        0.617013,
        0.532395,
        0.63331,
        0.550073,
        0.645794,
        0.568792,
        0.681854,
        0.595828,
        0.700232,
        0.612119,
        0.716183,
        0.63153,
        0.721733,
        0.648864
      ]
    }
  ],
  "images\\train\\car_rotate-33_flip_vertical.jpg": [
    {
      "class_id": 1,
      "polygon": [
        0.087264,
        0.477017,
        0.106338,
        0.512376,
        0.134773,
        0.550506,
        0.198574,
        0.610126,
        0.259598,
        0.647557,
        0.308485,
        0.67355,
        0.337263,
        0.69192,
        0.353562,
        0.718612,
        0.389272,
        0.724846,
        0.430875,
        0.728652,
        0.471787,
        0.740433,
        0.503337,
        0.749441,
        0.519978,
        0.751865,
        0.53766,
        0.753595,
        0.580308,
        0.788257,
        0.618794,
        0.807665,
        0.635089,
        0.811822,
        0.660048,
        0.799684,
        0.677719,
        0.738317,
        0.673894,
        0.671754,
        0.689146,
        0.663084,
        0.707521,
        0.665854,
        0.729018,
        0.680065,
        0.744621,
        0.692196,
        0.773746,
        0.708832,
        0.820898,
        0.720958,
        0.854523,
        0.701537,
        0.830596,
        0.667913,
        0.796265,
        0.618689,
        0.765752,
        0.590959,
        0.761242,
        0.572932,
        0.772329,
        0.535488,
        0.765387,
        0.489033,
        0.744234,
        0.459569,
        0.738335,
        0.425941,
        0.708164,
        0.373943,
        0.673842,
        0.374296,
        0.630857,
        0.399958,
        0.601739,
        0.419377,
        0.580939,
        0.428742,
        0.528937,
        0.436378,
        0.520264,
        0.39859,
        0.51506,
        0.379523,
        0.505002,
        0.357684,
        0.492518,
        0.338965,
        0.481417,
        0.295284,
        0.473439,
        0.272057,
        0.461648,
        0.249872,
        0.447778,
        0.238087
      ]
    }
  ],
  "images\\train\\car_rotate33.jpg": [
    {
      "class_id": 1,
      "polygon": [
        0.087264,
        0.522983,
        0.106338,
        0.487624,
        0.134773,
        0.449494,
        0.198574,
        0.389874,
        0.259598,
        0.352443,
        0.308485,
        0.32645,
        0.337263,
        0.30808,
        0.353562,
        0.281388,
        0.389272,
        0.275154,
        0.430875,
        0.271348,
        0.471787,
        0.259567,
        0.503337,
        0.250559,
        0.519978,
        0.248135,
        0.53766,
        0.246405,
        0.580308,
        0.211743,
        0.618794,
        0.192335,
        0.635089,
        0.188178,
        0.660048,
        0.200316,
        0.677719,
        0.261683,
        0.673894,
        0.328246,
        0.689146,
        0.336916,
        0.707521,
        0.334146,
        0.729018,
        0.319935,
        0.744621,
        0.307804,
        0.773746,
        0.291168,
        0.820898,
        0.279042,
        0.854523,
        0.298463,
        0.830596,
        0.332087,
        0.796265,
        0.381311,
        0.765752,
        0.409041,
        0.761242,
        0.427068,
        0.772329,
        0.464512,
        0.765387,
        0.510967,
        0.744234,
        0.540431,
        0.738335,
        0.574059,
        0.708164,
        0.626057,
        0.673842,
        0.625704,
        0.630857,
        0.600042,
        0.601739,
        0.580623,
        0.580939,
        0.571258,
        0.528937,
        0.563622,
        0.520264,
        0.60141,
        0.51506,
        0.620477,
        0.505002,
        0.642316,
        0.492518,
        0.661035,
        0.481417,
        0.704716,
        0.473439,
        0.727943,
        0.461648,
        0.750128,
        0.447778,
        0.761913
      ]
    }
  ],
  "images\\train\\car_rotate33_flip_vertical.jpg": [
    {
      "class_id": 1,
      "polygon": [
        0.362606,
        0.110126,
        0.337292,
        0.141323,
        0.313017,
        0.182228,
        0.282494,
        0.264041,
        0.271388,
        0.334764,
        0.266178,
        0.389886,
        0.260279,
        0.423514,
        0.2419,
        0.448819,
        0.249868,
        0.484182,
        0.262341,
        0.524054,
        0.267188,
        0.56635,
        0.270996,
        0.59894,
        0.275153,
        0.615235,
        0.28035,
        0.632223,
        0.26474,
        0.684917,
        0.261613,
        0.727906,
        0.264037,
        0.744547,
        0.284835,
        0.762925,
        0.34828,
        0.755656,
        0.408262,
        0.726544,
        0.422127,
        0.737294,
        0.426631,
        0.755323,
        0.421773,
        0.78063,
        0.41657,
        0.799697,
        0.412404,
        0.832978,
        0.419329,
        0.881169,
        0.45018,
        0.904749,
        0.472028,
        0.869738,
        0.504278,
        0.819127,
        0.518153,
        0.7803,
        0.533062,
        0.769209,
        0.571892,
        0.765055,
        0.612112,
        0.740794,
        0.631185,
        0.709942,
        0.659963,
        0.691573,
        0.696374,
        0.643736,
        0.682858,
        0.612185,
        0.642648,
        0.582363,
        0.613529,
        0.562943,
        0.596891,
        0.54734,
        0.569857,
        0.502266,
        0.60141,
        0.479736,
        0.617013,
        0.467605,
        0.63331,
        0.449927,
        0.645794,
        0.431208,
        0.681854,
        0.404172,
        0.700232,
        0.387881,
        0.716183,
        0.36847,
        0.721733,
        0.351136
      ]
    }
  ],
  "images\\val\\dog.jpg": [
    {
      "class_id": 1,
      "polygon": [
        0.244375,
        0.295625,
        0.224375,
        0.259375,
        0.255625,
        0.216875,
        0.285625,
        0.188125,
        0.308125,
        0.166875,
        0.309375,
        0.131875,
        0.339375,
        0.086875,
        0.369375,
        0.068125,
        0.406875,
        0.054375,
        0.470625,
        0.046875,
        0.504375,
        0.053125,
        0.591875,
        0.048125,
        0.625625,
        0.069375,
        0.665625,
        0.099375,
        0.701875,
        0.134375,
        0.734375,
        0.161875,
        0.749375,
        0.188125,
        0.755625,
        0.229375,
        0.768125,
        0.256875,
        0.793125,
        0.286875,
        0.801875,
        0.330625,
        0.796875,
        0.360625,
        0.770625,
        0.405625,
        0.754375,
        0.430625,
        0.764375,
        0.466875,
        0.783125,
        0.490625,
        0.806875,
        0.523125,
        0.814375,
        0.538125,
        0.831875,
        0.516875,
        0.851875,
        0.475625,
        0.863125,
        0.470625,
        0.875625,
        0.486875,
        0.880625,
        0.513125,
        0.879375,
        0.538125,
        0.860625,
        0.569375,
        0.836875,
        0.588125,
        0.839375,
        0.629375,
        0.835625,
        0.659375,
        0.839375,
        0.693125,
        0.836875,
        0.730625,
        0.833125,
        0.746875,
        0.373125,
        0.746875,
        0.378125,
        0.715625,
        0.360625,
        0.698125,
        0.348125,
        0.655625,
        0.345625,
        0.618125,
        0.334375,
        0.579375,
        0.311875,
        0.534375,
        0.294375,
        0.475625,
        0.295625,
        0.430625,
        0.299375,
        0.413125,
        0.289375,
        0.386875,
        0.281875,
        0.358125,
        0.260625,
        0.325625
      ]
    }
  ],
  "images\\val\\dog_flip_vertical.jpg": [
    {
      "class_id": 1,
      "polygon": [
        0.244375,
        0.704375,
        0.224375,
        0.740625,
        0.255625,
        0.783125,
        0.285625,
        0.811875,
        0.308125,
        0.833125,
        0.309375,
        0.868125,
        0.339375,
        0.913125,
        0.369375,
        0.931875,
        0.406875,
        0.945625,
        0.470625,
        0.953125,
        0.504375,
        0.946875,
        0.591875,
        0.951875,
        0.625625,
        0.930625,
        0.665625,
        0.900625,
        0.701875,
        0.865625,
        0.734375,
        0.838125,
        0.749375,
        0.811875,
        0.755625,
        0.770625,
        0.768125,
        0.743125,
        0.793125,
        0.713125,
        0.801875,
        0.669375,
        0.796875,
        0.639375,
        0.770625,
        0.594375,
        0.754375,
        0.569375,
        0.764375,
        0.533125,
        0.783125,
        0.509375,
        0.806875,
        0.476875,
        0.814375,
        0.461875,
        0.831875,
        0.483125,
        0.851875,
        0.524375,
        0.863125,
        0.529375,
        0.875625,
        0.513125,
        0.880625,
        0.486875,
        0.879375,
        0.461875,
        0.860625,
        0.430625,
        0.836875,
        0.411875,
        0.839375,
        0.370625,
        0.835625,
        0.340625,
        0.839375,
        0.306875,
        0.836875,
        0.269375,
        0.833125,
        0.253125,
        0.373125,
        0.253125,
        0.378125,
        0.284375,
        0.360625,
        0.301875,
        0.348125,
        0.344375,
        0.345625,
        0.381875,
        0.334375,
        0.420625,
        0.311875,
        0.465625,
        0.294375,
        0.524375,
        0.295625,
        0.569375,
        0.299375,
        0.586875,
        0.289375,
        0.613125,
        0.281875,
        0.641875,
        0.260625,
        0.674375
      ]
    }
  ],
  "images\\val\\dog_rotate-33.jpg": [
    {
      "class_id": 1,
      "polygon": [
        0.173935,
        0.471801,
        0.137183,
        0.45274,
        0.139601,
        0.400043,
        0.148608,
        0.359479,
        0.155536,
        0.329316,
        0.137157,
        0.299504,
        0.137147,
        0.245421,
        0.151703,
        0.213176,
        0.175272,
        0.18093,
        0.224147,
        0.139319,
        0.255694,
        0.125793,
        0.325715,
        0.073084,
        0.365584,
        0.072037,
        0.415508,
        0.074802,
        0.465086,
        0.083808,
        0.507382,
        0.088654,
        0.534426,
        0.10217,
        0.562513,
        0.13302,
        0.588171,
        0.148963,
        0.625615,
        0.160051,
        0.657169,
        0.191594,
        0.669655,
        0.219327,
        0.672784,
        0.27133,
        0.673136,
        0.301145,
        0.701569,
        0.325755,
        0.730345,
        0.33511,
        0.768137,
        0.348971,
        0.782699,
        0.357289,
        0.785468,
        0.3299,
        0.77922,
        0.284485,
        0.785805,
        0.274083,
        0.80522,
        0.280667,
        0.823945,
        0.299732,
        0.836776,
        0.321224,
        0.838516,
        0.357626,
        0.82916,
        0.386403,
        0.854127,
        0.419334,
        0.867653,
        0.446373,
        0.889499,
        0.472371,
        0.908226,
        0.504956,
        0.914122,
        0.520556,
        0.531423,
        0.775785,
        0.518244,
        0.747012,
        0.493975,
        0.742162,
        0.459995,
        0.71374,
        0.437108,
        0.683929,
        0.406248,
        0.657932,
        0.362561,
        0.632979,
        0.315405,
        0.593811,
        0.291477,
        0.55568,
        0.284887,
        0.53904,
        0.262003,
        0.522749,
        0.239811,
        0.502992,
        0.2041,
        0.487744
      ]
    }
  ],
  "images\\val\\dog_rotate-33_flip_vertical.jpg": [
    {
      "class_id": 1,
      "polygon": [
        0.400728,
        0.811863,
        0.404202,
        0.853118,
        0.453782,
        0.871137,
        0.494692,
        0.87841,
        0.525201,
        0.883605,
        0.545661,
        0.91203,
        0.595587,
        0.932823,
        0.630949,
        0.931777,
        0.669777,
        0.922409,
        0.726975,
        0.893278,
        0.751586,
        0.869352,
        0.827156,
        0.824963,
        0.843444,
        0.788558,
        0.860077,
        0.741406,
        0.870816,
        0.692174,
        0.882596,
        0.651263,
        0.880511,
        0.621101,
        0.862823,
        0.583315,
        0.857964,
        0.553501,
        0.862118,
        0.514671,
        0.845123,
        0.473419,
        0.824318,
        0.451234,
        0.777511,
        0.428361,
        0.750121,
        0.416578,
        0.738327,
        0.380871,
        0.740749,
        0.350709,
        0.742475,
        0.310493,
        0.740392,
        0.293853,
        0.766742,
        0.301822,
        0.806268,
        0.325043,
        0.818402,
        0.322961,
        0.819785,
        0.302506,
        0.80938,
        0.277893,
        0.794469,
        0.257788,
        0.761531,
        0.242192,
        0.731369,
        0.239771,
        0.710561,
        0.204066,
        0.690796,
        0.181188,
        0.67519,
        0.151029,
        0.652304,
        0.121217,
        0.640167,
        0.109779,
        0.257469,
        0.365007,
        0.278967,
        0.388232,
        0.274118,
        0.412501,
        0.287299,
        0.454794,
        0.306026,
        0.48738,
        0.318167,
        0.52586,
        0.324416,
        0.575782,
        0.342454,
        0.634369,
        0.368462,
        0.671113,
        0.381291,
        0.683592,
        0.387536,
        0.710979,
        0.397249,
        0.739059,
        0.397602,
        0.777888
      ]
    }
  ],
  "images\\val\\dog_rotate33.jpg": [
    {
      "class_id": 1,
      "polygon": [
        0.400728,
        0.188137,
        0.404202,
        0.146882,
        0.453782,
        0.128863,
        0.494692,
        0.12159,
        0.525201,
        0.116395,
        0.545661,
        0.08797,
        0.595587,
        0.067177,
        0.630949,
        0.068223,
        0.669777,
        0.077591,
        0.726975,
        0.106722,
        0.751586,
        0.130648,
        0.827156,
        0.175037,
        0.843444,
        0.211442,
        0.860077,
        0.258594,
        0.870816,
        0.307826,
        0.882596,
        0.348737,
        0.880511,
        0.378899,
        0.862823,
        0.416685,
        0.857964,
        0.446499,
        0.862118,
        0.485329,
        0.845123,
        0.526581,
        0.824318,
        0.548766,
        0.777511,
        0.571639,
        0.750121,
        0.583422,
        0.738327,
        0.619129,
        0.740749,
        0.649291,
        0.742475,
        0.689507,
        0.740392,
        0.706147,
        0.766742,
        0.698178,
        0.806268,
        0.674957,
        0.818402,
        0.677039,
        0.819785,
        0.697494,
        0.80938,
        0.722107,
        0.794469,
        0.742212,
        0.761531,
        0.757808,
        0.731369,
        0.760229,
        0.710561,
        0.795934,
        0.690796,
        0.818812,
        0.67519,
        0.848971,
        0.652304,
        0.878783,
        0.640167,
        0.890221,
        0.257469,
        0.634993,
        0.278967,
        0.611768,
        0.274118,
        0.587499,
        0.287299,
        0.545206,
        0.306026,
        0.51262,
        0.318167,
        0.47414,
        0.324416,
        0.424218,
        0.342454,
        0.365631,
        0.368462,
        0.328887,
        0.381291,
        0.316408,
        0.387536,
        0.289021,
        0.397249,
        0.260941,
        0.397602,
        0.222112
      ]
    }
  ],
  "images\\val\\dog_rotate33_flip_vertical.jpg": [
    {
      "class_id": 1,
      "polygon": [
        0.173935,
        0.528199,
        0.137183,
        0.54726,
        0.139601,
        0.599957,
        0.148608,
        0.640521,
        0.155536,
        0.670684,
        0.137157,
        0.700496,
        0.137147,
        0.754579,
        0.151703,
        0.786824,
        0.175272,
        0.81907,
        0.224147,
        0.860681,
        0.255694,
        0.874207,
        0.325715,
        0.926916,
        0.365584,
        0.927963,
        0.415508,
        0.925198,
        0.465086,
        0.916192,
        0.507382,
        0.911346,
        0.534426,
        0.89783,
        0.562513,
        0.86698,
        0.588171,
        0.851037,
        0.625615,
        0.839949,
        0.657169,
        0.808406,
        0.669655,
        0.780673,
        0.672784,
        0.72867,
        0.673136,
        0.698855,
        0.701569,
        0.674245,
        0.730345,
        0.66489,
        0.768137,
        0.651029,
        0.782699,
        0.642711,
        0.785468,
        0.6701,
        0.77922,
        0.715515,
        0.785805,
        0.725917,
        0.80522,
        0.719333,
        0.823945,
        0.700268,
        0.836776,
        0.678776,
        0.838516,
        0.642374,
        0.82916,
        0.613597,
        0.854127,
        0.580666,
        0.867653,
        0.553627,
        0.889499,
        0.527629,
        0.908226,
        0.495044,
        0.914122,
        0.479444,
        0.531423,
        0.224215,
        0.518244,
        0.252988,
        0.493975,
        0.257838,
        0.459995,
        0.28626,
        0.437108,
        0.316071,
        0.406248,
        0.342068,
        0.362561,
        0.367021,
        0.315405,
        0.406189,
        0.291477,
        0.44432,
        0.284887,
        0.46096,
        0.262003,
        0.477251,
        0.239811,
        0.497008,
        0.2041,
        0.512256
      ]
    }
  ],
  "images\\test\\cat.jpg": [
    {
      "class_id": 0,
      "polygon": [
        0.248125,
        0.705625,
        0.230625,
        0.676875,
        0.220625,
        0.615625,
        0.175625,
        0.594375,
        0.134375,
        0.589375,
        0.206875,
        0.509375,
        0.268125,
        0.430625,
        0.288125,
        0.375625,
        0.309375,
        0.304375,
        0.318125,
        0.266875,
        0.321875,
        0.228125,
        0.320625,
        0.188125,
        0.311875,
        0.139375,
        0.305625,
        0.075625,
        0.314375,
        0.050625,
        0.340625,
        0.069375,
        0.389375,
        0.096875,
        0.428125,
        0.135625,
        0.459375,
        0.141875,
        0.513125,
        0.141875,
        0.564375,
        0.139375,
        0.603125,
        0.125625,
        0.646875,
        0.080625,
        0.701875,
        0.074375,
        0.700625,
        0.108125,
        0.683125,
        0.151875,
        0.671875,
        0.204375,
        0.666875,
        0.251875,
        0.669375,
        0.289375,
        0.666875,
        0.334375,
        0.660625,
        0.390625,
        0.683125,
        0.406875,
        0.716875,
        0.418125,
        0.746875,
        0.445625,
        0.783125,
        0.464375,
        0.769375,
        0.494375,
        0.723125,
        0.468125,
        0.691875,
        0.441875,
        0.680625,
        0.439375,
        0.720625,
        0.473125,
        0.739375,
        0.498125,
        0.741875,
        0.524375,
        0.716875,
        0.530625,
        0.704375,
        0.503125,
        0.688125,
        0.488125,
        0.668125,
        0.469375,
        0.661875,
        0.464375,
        0.668125,
        0.498125,
        0.688125,
        0.511875,
        0.731875,
        0.521875,
        0.763125,
        0.515625,
        0.793125,
        0.519375,
        0.834375,
        0.538125,
        0.940625,
        0.578125,
        0.950625,
        0.593125,
        0.943125,
        0.605625,
        0.885625,
        0.604375,
        0.839375,
        0.605625,
        0.765625,
        0.606875,
        0.751875,
        0.606875,
        0.750625,
        0.633125,
        0.743125,
        0.664375,
        0.716875,
        0.684375,
        0.676875,
        0.698125,
        0.640625,
        0.683125,
        0.624375,
        0.653125,
        0.614375,
        0.628125,
        0.609375,
        0.610625,
        0.560625,
        0.608125,
        0.473125,
        0.614375,
        0.385625,
        0.610625,
        0.361875,
        0.610625,
        0.368125,
        0.648125,
        0.361875,
        0.685625,
        0.331875,
        0.705625,
        0.293125,
        0.729375,
        0.266875,
        0.723125
      ]
    }
  ],
  "images\\test\\cat_flip_vertical.jpg": [
    {
      "class_id": 0,
      "polygon": [
        0.248125,
        0.294375,
        0.230625,
        0.323125,
        0.220625,
        0.384375,
        0.175625,
        0.405625,
        0.134375,
        0.410625,
        0.206875,
        0.490625,
        0.268125,
        0.569375,
        0.288125,
        0.624375,
        0.309375,
        0.695625,
        0.318125,
        0.733125,
        0.321875,
        0.771875,
        0.320625,
        0.811875,
        0.311875,
        0.860625,
        0.305625,
        0.924375,
        0.314375,
        0.949375,
        0.340625,
        0.930625,
        0.389375,
        0.903125,
        0.428125,
        0.864375,
        0.459375,
        0.858125,
        0.513125,
        0.858125,
        0.564375,
        0.860625,
        0.603125,
        0.874375,
        0.646875,
        0.919375,
        0.701875,
        0.925625,
        0.700625,
        0.891875,
        0.683125,
        0.848125,
        0.671875,
        0.795625,
        0.666875,
        0.748125,
        0.669375,
        0.710625,
        0.666875,
        0.665625,
        0.660625,
        0.609375,
        0.683125,
        0.593125,
        0.716875,
        0.581875,
        0.746875,
        0.554375,
        0.783125,
        0.535625,
        0.769375,
        0.505625,
        0.723125,
        0.531875,
        0.691875,
        0.558125,
        0.680625,
        0.560625,
        0.720625,
        0.526875,
        0.739375,
        0.501875,
        0.741875,
        0.475625,
        0.716875,
        0.469375,
        0.704375,
        0.496875,
        0.688125,
        0.511875,
        0.668125,
        0.530625,
        0.661875,
        0.535625,
        0.668125,
        0.501875,
        0.688125,
        0.488125,
        0.731875,
        0.478125,
        0.763125,
        0.484375,
        0.793125,
        0.480625,
        0.834375,
        0.461875,
        0.940625,
        0.421875,
        0.950625,
        0.406875,
        0.943125,
        0.394375,
        0.885625,
        0.395625,
        0.839375,
        0.394375,
        0.765625,
        0.393125,
        0.751875,
        0.393125,
        0.750625,
        0.366875,
        0.743125,
        0.335625,
        0.716875,
        0.315625,
        0.676875,
        0.301875,
        0.640625,
        0.316875,
        0.624375,
        0.346875,
        0.614375,
        0.371875,
        0.609375,
        0.389375,
        0.560625,
        0.391875,
        0.473125,
        0.385625,
        0.385625,
        0.389375,
        0.361875,
        0.389375,
        0.368125,
        0.351875,
        0.361875,
        0.314375,
        0.331875,
        0.294375,
        0.293125,
        0.270625,
        0.266875,
        0.276875
      ]
    }
  ],
  "images\\test\\cat_rotate-33.jpg": [
    {
      "class_id": 0,
      "polygon": [
        0.404541,
        0.810822,
        0.37403,
        0.796613,
        0.331727,
        0.751204,
        0.282498,
        0.758493,
        0.245406,
        0.777221,
        0.261335,
        0.670438,
        0.268598,
        0.570938,
        0.254721,
        0.514083,
        0.232867,
        0.443016,
        0.21934,
        0.406963,
        0.20096,
        0.372644,
        0.177726,
        0.34006,
        0.143398,
        0.304357,
        0.102827,
        0.254787,
        0.096235,
        0.229134,
        0.128477,
        0.230168,
        0.184293,
        0.225998,
        0.238032,
        0.236736,
        0.267498,
        0.224597,
        0.312216,
        0.194774,
        0.353466,
        0.164258,
        0.378075,
        0.131319,
        0.389505,
        0.069606,
        0.431795,
        0.03389,
        0.449481,
        0.062662,
        0.459196,
        0.10877,
        0.478966,
        0.15869,
        0.501162,
        0.200982,
        0.524048,
        0.230793,
        0.546936,
        0.269618,
        0.572947,
        0.319883,
        0.600682,
        0.320918,
        0.635002,
        0.311552,
        0.675219,
        0.317785,
        0.715781,
        0.313271,
        0.720987,
        0.345859,
        0.667944,
        0.349682,
        0.627381,
        0.345182,
        0.616634,
        0.349344,
        0.668638,
        0.355229,
        0.698109,
        0.365624,
        0.714753,
        0.386076,
        0.697422,
        0.405147,
        0.671765,
        0.389204,
        0.649923,
        0.38574,
        0.62288,
        0.381238,
        0.614906,
        0.380546,
        0.638832,
        0.405157,
        0.6631,
        0.405499,
        0.705047,
        0.389544,
        0.727577,
        0.367006,
        0.754617,
        0.35348,
        0.799338,
        0.346192,
        0.909927,
        0.320518,
        0.926569,
        0.327449,
        0.927265,
        0.34201,
        0.878734,
        0.372873,
        0.84095,
        0.399575,
        0.780287,
        0.441535,
        0.768847,
        0.449164,
        0.782372,
        0.471696,
        0.793471,
        0.501856,
        0.782729,
        0.53306,
        0.75708,
        0.566693,
        0.718599,
        0.574327,
        0.688435,
        0.558384,
        0.666244,
        0.543134,
        0.652375,
        0.531349,
        0.61043,
        0.556318,
        0.541102,
        0.610066,
        0.466225,
        0.655495,
        0.446466,
        0.668673,
        0.472472,
        0.696403,
        0.488079,
        0.731069,
        0.474218,
        0.764354,
        0.455157,
        0.805613,
        0.42985,
        0.814978
      ]
    }
  ],
  "images\\test\\cat_rotate-33_flip_vertical.jpg": [
    {
      "class_id": 0,
      "polygon": [
        0.176362,
        0.468681,
        0.177754,
        0.502309,
        0.203419,
        0.558815,
        0.177771,
        0.601462,
        0.146228,
        0.628509,
        0.250932,
        0.654839,
        0.345583,
        0.686371,
        0.392738,
        0.721032,
        0.44995,
        0.768518,
        0.478036,
        0.794862,
        0.502657,
        0.825019,
        0.52381,
        0.858991,
        0.543579,
        0.904404,
        0.573751,
        0.960908,
        0.594902,
        0.976852,
        0.606337,
        0.946689,
        0.631637,
        0.896761,
        0.642375,
        0.843023,
        0.664906,
        0.820484,
        0.709623,
        0.790661,
        0.753648,
        0.764305,
        0.793515,
        0.754244,
        0.854881,
        0.767408,
        0.904106,
        0.742091,
        0.88434,
        0.714706,
        0.845507,
        0.688018,
        0.807018,
        0.650583,
        0.776503,
        0.613839,
        0.757776,
        0.581254,
        0.730728,
        0.545203,
        0.694319,
        0.501873,
        0.704021,
        0.47587,
        0.725858,
        0.447784,
        0.735558,
        0.40826,
        0.755313,
        0.372548,
        0.727229,
        0.355219,
        0.703315,
        0.402719,
        0.691882,
        0.441897,
        0.683909,
        0.450218,
        0.698461,
        0.399946,
        0.700189,
        0.368744,
        0.687705,
        0.345518,
        0.663438,
        0.35419,
        0.668297,
        0.384004,
        0.6631,
        0.405499,
        0.656864,
        0.432195,
        0.654439,
        0.439823,
        0.640913,
        0.408277,
        0.649923,
        0.38574,
        0.680772,
        0.353146,
        0.710238,
        0.341007,
        0.733116,
        0.321242,
        0.757031,
        0.282756,
        0.823233,
        0.190525,
        0.823229,
        0.172498,
        0.810054,
        0.166259,
        0.76291,
        0.199203,
        0.723739,
        0.223825,
        0.661689,
        0.263704,
        0.650249,
        0.271333,
        0.634645,
        0.250188,
        0.611066,
        0.228351,
        0.578131,
        0.226277,
        0.537223,
        0.237031,
        0.515388,
        0.269623,
        0.518514,
        0.303598,
        0.524065,
        0.329946,
        0.529615,
        0.347279,
        0.490445,
        0.376408,
        0.414181,
        0.419757,
        0.343466,
        0.471425,
        0.323707,
        0.484603,
        0.3081,
        0.449937,
        0.282093,
        0.422206,
        0.246038,
        0.422213,
        0.200622,
        0.423954,
        0.182251,
        0.443718
      ]
    }
  ],
  "images\\test\\cat_rotate33.jpg": [
    {
      "class_id": 0,
      "polygon": [
        0.176362,
        0.531319,
        0.177754,
        0.497691,
        0.203419,
        0.441185,
        0.177771,
        0.398538,
        0.146228,
        0.371491,
        0.250932,
        0.345161,
        0.345583,
        0.313629,
        0.392738,
        0.278968,
        0.44995,
        0.231482,
        0.478036,
        0.205138,
        0.502657,
        0.174981,
        0.52381,
        0.141009,
        0.543579,
        0.095596,
        0.573751,
        0.039092,
        0.594902,
        0.023148,
        0.606337,
        0.053311,
        0.631637,
        0.103239,
        0.642375,
        0.156977,
        0.664906,
        0.179516,
        0.709623,
        0.209339,
        0.753648,
        0.235695,
        0.793515,
        0.245756,
        0.854881,
        0.232592,
        0.904106,
        0.257909,
        0.88434,
        0.285294,
        0.845507,
        0.311982,
        0.807018,
        0.349417,
        0.776503,
        0.386161,
        0.757776,
        0.418746,
        0.730728,
        0.454797,
        0.694319,
        0.498127,
        0.704021,
        0.52413,
        0.725858,
        0.552216,
        0.735558,
        0.59174,
        0.755313,
        0.627452,
        0.727229,
        0.644781,
        0.703315,
        0.597281,
        0.691882,
        0.558103,
        0.683909,
        0.549782,
        0.698461,
        0.600054,
        0.700189,
        0.631256,
        0.687705,
        0.654482,
        0.663438,
        0.64581,
        0.668297,
        0.615996,
        0.6631,
        0.594501,
        0.656864,
        0.567805,
        0.654439,
        0.560177,
        0.640913,
        0.591723,
        0.649923,
        0.61426,
        0.680772,
        0.646854,
        0.710238,
        0.658993,
        0.733116,
        0.678758,
        0.757031,
        0.717244,
        0.823233,
        0.809475,
        0.823229,
        0.827502,
        0.810054,
        0.833741,
        0.76291,
        0.800797,
        0.723739,
        0.776175,
        0.661689,
        0.736296,
        0.650249,
        0.728667,
        0.634645,
        0.749812,
        0.611066,
        0.771649,
        0.578131,
        0.773723,
        0.537223,
        0.762969,
        0.515388,
        0.730377,
        0.518514,
        0.696402,
        0.524065,
        0.670054,
        0.529615,
        0.652721,
        0.490445,
        0.623592,
        0.414181,
        0.580243,
        0.343466,
        0.528575,
        0.323707,
        0.515397,
        0.3081,
        0.550063,
        0.282093,
        0.577794,
        0.246038,
        0.577787,
        0.200622,
        0.576046,
        0.182251,
        0.556282
      ]
    }
  ],
  "images\\test\\cat_rotate33_flip_vertical.jpg": [
    {
      "class_id": 0,
      "polygon": [
        0.404541,
        0.189178,
        0.37403,
        0.203387,
        0.331727,
        0.248796,
        0.282498,
        0.241507,
        0.245406,
        0.222779,
        0.261335,
        0.329562,
        0.268598,
        0.429062,
        0.254721,
        0.485917,
        0.232867,
        0.556984,
        0.21934,
        0.593037,
        0.20096,
        0.627356,
        0.177726,
        0.65994,
        0.143398,
        0.695643,
        0.102827,
        0.745213,
        0.096235,
        0.770866,
        0.128477,
        0.769832,
        0.184293,
        0.774002,
        0.238032,
        0.763264,
        0.267498,
        0.775403,
        0.312216,
        0.805226,
        0.353466,
        0.835742,
        0.378075,
        0.868681,
        0.389505,
        0.930394,
        0.431795,
        0.96611,
        0.449481,
        0.937338,
        0.459196,
        0.89123,
        0.478966,
        0.84131,
        0.501162,
        0.799018,
        0.524048,
        0.769207,
        0.546936,
        0.730382,
        0.572947,
        0.680117,
        0.600682,
        0.679082,
        0.635002,
        0.688448,
        0.675219,
        0.682215,
        0.715781,
        0.686729,
        0.720987,
        0.654141,
        0.667944,
        0.650318,
        0.627381,
        0.654818,
        0.616634,
        0.650656,
        0.668638,
        0.644771,
        0.698109,
        0.634376,
        0.714753,
        0.613924,
        0.697422,
        0.594853,
        0.671765,
        0.610796,
        0.649923,
        0.61426,
        0.62288,
        0.618762,
        0.614906,
        0.619454,
        0.638832,
        0.594843,
        0.6631,
        0.594501,
        0.705047,
        0.610456,
        0.727577,
        0.632994,
        0.754617,
        0.64652,
        0.799338,
        0.653808,
        0.909927,
        0.679482,
        0.926569,
        0.672551,
        0.927265,
        0.65799,
        0.878734,
        0.627127,
        0.84095,
        0.600425,
        0.780287,
        0.558465,
        0.768847,
        0.550836,
        0.782372,
        0.528304,
        0.793471,
        0.498144,
        0.782729,
        0.46694,
        0.75708,
        0.433307,
        0.718599,
        0.425673,
        0.688435,
        0.441616,
        0.666244,
        0.456866,
        0.652375,
        0.468651,
        0.61043,
        0.443682,
        0.541102,
        0.389934,
        0.466225,
        0.344505,
        0.446466,
        0.331327,
        0.472472,
        0.303597,
        0.488079,
        0.268931,
        0.474218,
        0.235646,
        0.455157,
        0.194387,
        0.42985,
        0.185022
      ]
    }
  ]
}