{
  "images\\train\\car.jpg": [
    {
      "class_id": 1,
      "polygon": [
        0.169375,
        0.9975,
        0.165625,
        0.944167,
        0.168125,
        0.880833,
        0.188125,
        0.7675,
        0.218125,
        0.680833,
        0.244375,
        0.615833,
        0.258125,
        0.574167,
        0.256875,
        0.5325,
        0.283125,
        0.499167,
        0.315625,
        0.464167,
        0.343125,
        0.420833,
        0.364375,
        0.3875,
        0.376875,
        0.3725,
        0.390625,
        0.3575,
        0.406875,
        0.2875,
        0.428125,
        0.2375,
        0.439375,
        0.220833,
        0.466875,
        0.215833,
        0.515625,
        0.270833,
        0.549375,
        0.3475,
        0.566875,
        0.345833,
        0.580625,
        0.329167,
        0.590625,
        0.2975,
        0.596875,
        0.2725,
        0.611875,
        0.2325,
        0.644375,
        0.184167,
        0.683125,
        0.180833,
        0.681875,
        0.235833,
        0.680625,
        0.315833,
        0.670625,
        0.369167,
        0.676875,
        0.3925,
        0.706875,
        0.425833,
        0.726875,
        0.4825,
        0.725625,
        0.530833,
        0.739375,
        0.5725,
        0.743125,
        0.6525,
        0.714375,
        0.6775,
        0.664375,
        0.680833,
        0.629375,
        0.680833,
        0.606875,
        0.685833,
        0.559375,
        0.715833,
        0.573125,
        0.764167,
        0.579375,
        0.789167,
        0.583125,
        0.820833,
        0.583125,
        0.850833,
        0.598125,
        0.9075,
        0.604375,
        0.939167,
        0.606875,
        0.9725,
        0.601875,
        0.995833
      ]
    }
  ],
  "images\\train\\car_rotate-31.jpg": [
    {
      "class_id": 1,
      "polygon": [
        0.169375,
        0.9975,
        0.165625,
        0.944167,
        0.168125,
        0.880833,
        0.188125,
        0.7675,
        0.218125,
        0.680833,
        0.244375,
        0.615833,
        0.258125,
        0.574167,
        0.256875,
        0.5325,
        0.283125,
        0.499167,
        0.315625,
        0.464167,
        0.343125,
        0.420833,
        0.364375,
        0.3875,
        0.376875,
        0.3725,
        0.390625,
        0.3575,
        0.406875,
        0.2875,
        0.428125,
        0.2375,
        0.439375,
        0.220833,
        0.466875,
        0.215833,
        0.515625,
        0.270833,
        0.549375,
        0.3475,
        0.566875,
        0.345833,
        0.580625,
        0.329167,
        0.590625,
        0.2975,
        0.596875,
        0.2725,
        0.611875,
        0.2325,
        0.644375,
        0.184167,
        0.683125,
        0.180833,
        0.681875,
        0.235833,
        0.680625,
        0.315833,
        0.670625,
        0.369167,
        0.676875,
        0.3925,
        0.706875,
        0.425833,
        0.726875,
        0.4825,
        0.725625,
        0.530833,
        0.739375,
        0.5725,
        0.743125,
        0.6525,
        0.714375,
        0.6775,
        0.664375,
        0.680833,
        0.629375,
        0.680833,
        0.606875,
        0.685833,
        0.559375,
        0.715833,
        0.573125,
        0.764167,
        0.579375,
        0.789167,
        0.583125,
        0.820833,
        0.583125,
        0.850833,
        0.598125,
        0.9075,
        0.604375,
        0.939167,
        0.606875,
        0.9725,
        0.601875,
        0.995833
      ]
    }
  ],
  "images\\train\\car_rotate31.jpg": [
    {
      "class_id": 1,
      "polygon": [
        0.169375,
        0.9975,
        0.165625,
        0.944167,
        0.168125,
        0.880833,
        0.188125,
        0.7675,
        0.218125,
        0.680833,
        0.244375,
        0.615833,
        0.258125,
        0.574167,
        0.256875,
        0.5325,
        0.283125,
        0.499167,
        0.315625,
        0.464167,
        0.343125,
        0.420833,
        0.364375,
        0.3875,
        0.376875,
        0.3725,
        0.390625,
        0.3575,
        0.406875,
        0.2875,
        0.428125,
        0.2375,
        0.439375,
        0.220833,
        0.466875,
        0.215833,
        0.515625,
        0.270833,
        0.549375,
        0.3475,
        0.566875,
        0.345833,
        0.580625,
        0.329167,
        0.590625,
        0.2975,
        0.596875,
        0.2725,
        0.611875,
        0.2325,
        0.644375,
        0.184167,
        0.683125,
        0.180833,
        0.681875,
        0.235833,
        0.680625,
        0.315833,
        0.670625,
        0.369167,
        0.676875,
        0.3925,
        0.706875,
        0.425833,
        0.726875,
        0.4825,
        0.725625,
        0.530833,
        0.739375,
        0.5725,
        0.743125,
        0.6525,
        0.714375,
        0.6775,
        0.664375,
        0.680833,
        0.629375,
        0.680833,
        0.606875,
        0.685833,
        0.559375,
        0.715833,
        0.573125,
        0.764167,
        0.579375,
        0.789167,
        0.583125,
        0.820833,
        0.583125,
        0.850833,
        0.598125,
        0.9075,
        0.604375,
        0.939167,
        0.606875,
        0.9725,
        0.601875,
        0.995833
      ]
    }
  ],
  "images\\val\\dog.jpg": [
    {
      "class_id": 1,
      "polygon": [
        0.244375,
        0.394167,
        0.224375,
        0.345833,
        0.255625,
        0.289167,
        0.285625,
        0.250833,
        0.308125,
        0.2225,
        0.309375,
        0.175833,
        0.339375,
        0.115833,
        0.369375,
        0.090833,
        0.406875,
        0.0725,
        0.470625,
        0.0625,
        0.504375,
        0.070833,
        0.591875,
        0.064167,
        0.625625,
        0.0925,
        0.665625,
        0.1325,
        0.701875,
        0.179167,
        0.734375,
        0.215833,
        0.749375,
        0.250833,
        0.755625,
        0.305833,
        0.768125,
        0.3425,
        0.793125,
        0.3825,
        0.801875,
        0.440833,
        0.796875,
        0.480833,
        0.770625,
        0.540833,
        0.754375,
        0.574167,
        0.764375,
        0.6225,
        0.783125,
        0.654167,
        0.806875,
        0.6975,
        0.814375,
        0.7175,
        0.831875,
        0.689167,
        0.851875,
        0.634167,
        0.863125,
        0.6275,
        0.875625,
        0.649167,
        0.880625,
        0.684167,
        0.879375,
        0.7175,
        0.860625,
        0.759167,
        0.836875,
        0.784167,
        0.839375,
        0.839167,
        0.835625,
        0.879167,
        0.839375,
        0.924167,
        0.836875,
        0.974167,
        0.833125,
        0.995833,
        0.373125,
        0.995833,
        0.378125,
        0.954167,
        0.360625,
        0.930833,
        0.348125,
        0.874167,
        0.345625,
        0.824167,
        0.334375,
        0.7725,
        0.311875,
        0.7125,
        0.294375,
        0.634167,
        0.295625,
        0.574167,
        0.299375,
        0.550833,
        0.289375,
        0.515833,
        0.281875,
        0.4775,
        0.260625,
        0.434167
      ]
    }
  ],
  "images\\val\\dog_rotate-31.jpg": [
    {
      "class_id": 1,
      "polygon": [
        0.244375,
        0.394167,
        0.224375,
        0.345833,
        0.255625,
        0.289167,
        0.285625,
        0.250833,
        0.308125,
        0.2225,
        0.309375,
        0.175833,
        0.339375,
        0.115833,
        0.369375,
        0.090833,
        0.406875,
        0.0725,
        0.470625,
        0.0625,
        0.504375,
        0.070833,
        0.591875,
        0.064167,
        0.625625,
        0.0925,
        0.665625,
        0.1325,
        0.701875,
        0.179167,
        0.734375,
        0.215833,
        0.749375,
        0.250833,
        0.755625,
        0.305833,
        0.768125,
        0.3425,
        0.793125,
        0.3825,
        0.801875,
        0.440833,
        0.796875,
        0.480833,
        0.770625,
        0.540833,
        0.754375,
        0.574167,
        0.764375,
        0.6225,
        0.783125,
        0.654167,
        0.806875,
        0.6975,
        0.814375,
        0.7175,
        0.831875,
        0.689167,
        0.851875,
        0.634167,
        0.863125,
        0.6275,
        0.875625,
        0.649167,
        0.880625,
        0.684167,
        0.879375,
        0.7175,
        0.860625,
        0.759167,
        0.836875,
        0.784167,
        0.839375,
        0.839167,
        0.835625,
        0.879167,
        0.839375,
        0.924167,
        0.836875,
        0.974167,
        0.833125,
        0.995833,
        0.373125,
        0.995833,
        0.378125,
        0.954167,
        0.360625,
        0.930833,
        0.348125,
        0.874167,
        0.345625,
        0.824167,
        0.334375,
        0.7725,
        0.311875,
        0.7125,
        0.294375,
        0.634167,
        0.295625,
        0.574167,
        0.299375,
        0.550833,
        0.289375,
        0.515833,
        0.281875,
        0.4775,
        0.260625,
        0.434167
      ]
    }
  ],
  "images\\val\\dog_rotate31.jpg": [
    {
      "class_id": 1,
      "polygon": [
        0.244375,
        0.394167,
        0.224375,
        0.345833,
        0.255625,
        0.289167,
        0.285625,
        0.250833,
        0.308125,
        0.2225,
        0.309375,
        0.175833,
        0.339375,
        0.115833,
        0.369375,
        0.090833,
        0.406875,
        0.0725,
        0.470625,
        0.0625,
        0.504375,
        0.070833,
        0.591875,
        0.064167,
        0.625625,
        0.0925,
        0.665625,
        0.1325,
        0.701875,
        0.179167,
        0.734375,
        0.215833,
        0.749375,
        0.250833,
        0.755625,
        0.305833,
        0.768125,
        0.3425,
        0.793125,
        0.3825,
        0.801875,
        0.440833,
        0.796875,
        0.480833,
        0.770625,
        0.540833,
        0.754375,
        0.574167,
        0.764375,
        0.6225,
        0.783125,
        0.654167,
        0.806875,
        0.6975,
        0.814375,
        0.7175,
        0.831875,
        0.689167,
        0.851875,
        0.634167,
        0.863125,
        0.6275,
        0.875625,
        0.649167,
        0.880625,
        0.684167,
        0.879375,
        0.7175,
        0.860625,
        0.759167,
        0.836875,
        0.784167,
        0.839375,
        0.839167,
        0.835625,
        0.879167,
        0.839375,
        0.924167,
        0.836875,
        0.974167,
        0.833125,
        0.995833,
        0.373125,
        0.995833,
        0.378125,
        0.954167,
        0.360625,
        0.930833,
        0.348125,
        0.874167,
        0.345625,
        0.824167,
        0.334375,
        0.7725,
        0.311875,
        0.7125,
        0.294375,
        0.634167,
        0.295625,
        0.574167,
        0.299375,
        0.550833,
        0.289375,
        0.515833,
        0.281875,
        0.4775,
        0.260625,
        0.434167
      ]
    }
  ],
  "images\\test\\cat.jpg": [
    {
      "class_id": 12,
      "polygon": [
        0.248125,
        0.940833,
        0.230625,
        0.9025,
        0.220625,
        0.820833,
        0.175625,
        0.7925,
        0.134375,
        0.785833,
        0.206875,
        0.679167,
        0.268125,
        0.574167,
        0.288125,
        0.500833,
        0.309375,
        0.405833,
        0.318125,
        0.355833,
        0.321875,
        0.304167,
        0.320625,
        0.250833,
        0.311875,
        0.185833,
        0.305625,
        0.100833,
        0.314375,
        0.0675,
        0.340625,
        0.0925,
        0.389375,
        0.129167,
        0.428125,
        0.180833,
        0.459375,
        0.189167,
        0.513125,
        0.189167,
        0.564375,
        0.185833,
        0.603125,
        0.1675,
        0.646875,
        0.1075,
        0.701875,
        0.099167,
        0.700625,
        0.144167,
        0.683125,
        0.2025,
        0.671875,
        0.2725,
        0.666875,
        0.335833,
        0.669375,
        0.385833,
        0.666875,
        0.445833,
        0.660625,
        0.520833,
        0.683125,
        0.5425,
        0.716875,
        0.5575,
        0.746875,
        0.594167,
        0.783125,
        0.619167,
        0.769375,
        0.659167,
        0.723125,
        0.624167,
        0.691875,
        0.589167,
        0.680625,
        0.585833,
        0.720625,
        0.630833,
        0.739375,
        0.664167,
        0.741875,
        0.699167,
        0.716875,
        0.7075,
        0.704375,
        0.670833,
        0.688125,
        0.650833,
        0.668125,
        0.625833,
        0.661875,
        0.619167,
        0.668125,
        0.664167,
        0.688125,
        0.6825,
        0.731875,
        0.695833,
        0.763125,
        0.6875,
        0.793125,
        0.6925,
        0.834375,
        0.7175,
        0.940625,
        0.770833,
        0.950625,
        0.790833,
        0.943125,
        0.8075,
        0.885625,
        0.805833,
        0.839375,
        0.8075,
        0.765625,
        0.809167,
        0.751875,
        0.809167,
        0.750625,
        0.844167,
        0.743125,
        0.885833,
        0.716875,
        0.9125,
        0.676875,
        0.930833,
        0.640625,
        0.910833,
        0.624375,
        0.870833,
        0.614375,
        0.8375,
        0.609375,
        0.814167,
        0.560625,
        0.810833,
        0.473125,
        0.819167,
        0.385625,
        0.814167,
        0.361875,
        0.814167,
        0.368125,
        0.864167,
        0.361875,
        0.914167,
        0.331875,
        0.940833,
        0.293125,
        0.9725,
        0.266875,
        0.964167
      ]
    }
  ],
  "images\\test\\cat_rotate-31.jpg": [
    {
      "class_id": 12,
      "polygon": [
        0.248125,
        0.940833,
        0.230625,
        0.9025,
        0.220625,
        0.820833,
        0.175625,
        0.7925,
        0.134375,
        0.785833,
        0.206875,
        0.679167,
        0.268125,
        0.574167,
        0.288125,
        0.500833,
        0.309375,
        0.405833,
        0.318125,
        0.355833,
        0.321875,
        0.304167,
        0.320625,
        0.250833,
        0.311875,
        0.185833,
        0.305625,
        0.100833,
        0.314375,
        0.0675,
        0.340625,
        0.0925,
        0.389375,
        0.129167,
        0.428125,
        0.180833,
        0.459375,
        0.189167,
        0.513125,
        0.189167,
        0.564375,
        0.185833,
        0.603125,
        0.1675,
        0.646875,
        0.1075,
        0.701875,
        0.099167,
        0.700625,
        0.144167,
        0.683125,
        0.2025,
        0.671875,
        0.2725,
        0.666875,
        0.335833,
        0.669375,
        0.385833,
        0.666875,
        0.445833,
        0.660625,
        0.520833,
        0.683125,
        0.5425,
        0.716875,
        0.5575,
        0.746875,
        0.594167,
        0.783125,
        0.619167,
        0.769375,
        0.659167,
        0.723125,
        0.624167,
        0.691875,
        0.589167,
        0.680625,
        0.585833,
        0.720625,
        0.630833,
        0.739375,
        0.664167,
        0.741875,
        0.699167,
        0.716875,
        0.7075,
        0.704375,
        0.670833,
        0.688125,
        0.650833,
        0.668125,
        0.625833,
        0.661875,
        0.619167,
        0.668125,
        0.664167,
        0.688125,
        0.6825,
        0.731875,
        0.695833,
        0.763125,
        0.6875,
        0.793125,
        0.6925,
        0.834375,
        0.7175,
        0.940625,
        0.770833,
        0.950625,
        0.790833,
        0.943125,
        0.8075,
        0.885625,
        0.805833,
        0.839375,
        0.8075,
        0.765625,
        0.809167,
        0.751875,
        0.809167,
        0.750625,
        0.844167,
        0.743125,
        0.885833,
        0.716875,
        0.9125,
        0.676875,
        0.930833,
        0.640625,
        0.910833,
        0.624375,
        0.870833,
        0.614375,
        0.8375,
        0.609375,
        0.814167,
        0.560625,
        0.810833,
        0.473125,
        0.819167,
        0.385625,
        0.814167,
        0.361875,
        0.814167,
        0.368125,
        0.864167,
        0.361875,
        0.914167,
        0.331875,
        0.940833,
        0.293125,
        0.9725,
        0.266875,
        0.964167
      ]
    }
  ],
  "images\\test\\cat_rotate31.jpg": [
    {
      "class_id": 12,
      "polygon": [
        0.248125,
        0.940833,
        0.230625,
        0.9025,
        0.220625,
        0.820833,
        0.175625,
        0.7925,
        0.134375,
        0.785833,
        0.206875,
        0.679167,
        0.268125,
        0.574167,
        0.288125,
        0.500833,
        0.309375,
        0.405833,
        0.318125,
        0.355833,
        0.321875,
        0.304167,
        0.320625,
        0.250833,
        0.311875,
        0.185833,
        0.305625,
        0.100833,
        0.314375,
        0.0675,
        0.340625,
        0.0925,
        0.389375,
        0.129167,
        0.428125,
        0.180833,
        0.459375,
        0.189167,
        0.513125,
        0.189167,
        0.564375,
        0.185833,
        0.603125,
        0.1675,
        0.646875,
        0.1075,
        0.701875,
        0.099167,
        0.700625,
        0.144167,
        0.683125,
        0.2025,
        0.671875,
        0.2725,
        0.666875,
        0.335833,
        0.669375,
        0.385833,
        0.666875,
        0.445833,
        0.660625,
        0.520833,
        0.683125,
        0.5425,
        0.716875,
        0.5575,
        0.746875,
        0.594167,
        0.783125,
        0.619167,
        0.769375,
        0.659167,
        0.723125,
        0.624167,
        0.691875,
        0.589167,
        0.680625,
        0.585833,
        0.720625,
        0.630833,
        0.739375,
        0.664167,
        0.741875,
        0.699167,
        0.716875,
        0.7075,
        0.704375,
        0.670833,
        0.688125,
        0.650833,
        0.668125,
        0.625833,
        0.661875,
        0.619167,
        0.668125,
        0.664167,
        0.688125,
        0.6825,
        0.731875,
        0.695833,
        0.763125,
        0.6875,
        0.793125,
        0.6925,
        0.834375,
        0.7175,
        0.940625,
        0.770833,
        0.950625,
        0.790833,
        0.943125,
        0.8075,
        0.885625,
        0.805833,
        0.839375,
        0.8075,
        0.765625,
        0.809167,
        0.751875,
        0.809167,
        0.750625,
        0.844167,
        0.743125,
        0.885833,
        0.716875,
        0.9125,
        0.676875,
        0.930833,
        0.640625,
        0.910833,
        0.624375,
        0.870833,
        0.614375,
        0.8375,
        0.609375,
        0.814167,
        0.560625,
        0.810833,
        0.473125,
        0.819167,
        0.385625,
        0.814167,
        0.361875,
        0.814167,
        0.368125,
        0.864167,
        0.361875,
        0.914167,
        0.331875,
        0.940833,
        0.293125,
        0.9725,
        0.266875,
        0.964167
      ]
    }
  ]
}