{
  "images\\train\\car_4.jpg": [
    {
      "class_id": 1,
      "bbox": [
        0.4699,
        0.595238,
        0.632107,
        0.47619
      ]
    }
  ],
  "images\\train\\car_5.jpg": [
    {
      "class_id": 1,
      "bbox": [
        0.454849,
        0.53869,
        0.662207,
        0.553571
      ]
    }
  ],
  "images\\val\\car_1.jpg": [
    {
      "class_id": 0,
      "bbox": [
        0.521739,
        0.625,
        0.331104,
        0.410714
      ]
    }
  ],
  "images\\val\\car_3.jpg": [
    {
      "class_id": 1,
      "bbox": [
        0.51505,
        0.598214,
        0.719064,
        0.654762
      ]
    }
  ],
  "images\\test\\car_2.jpg": [
    {
      "class_id": 0,
      "bbox": [
        0.48495,
        0.595238,
        0.752508,
        0.60119
      ]
    }
  ]
}