{
  "release_name": "300-168",
  "description": "",
  "project_id": 2,
  "dataset_ids": [
    "787372d5-6aad-4e7a-b80c-ecdc0ef19c49"
  ],
  "export_format": "yolo_detection",
  "task_type": "object_detection",
  "images_per_original": 1,
  "sampling_strategy": "intelligent",
  "output_format": "original",
  "include_original": true,
  "split_sections": [
    "train",
    "val",
    "test"
  ],
  "preserve_original_splits": true,
  "classes": [
    "car",
    "colour-car"
  ],
  "split_counts": {
    "train": 2,
    "val": 2,
    "test": 1
  },
  "total_images": 5,
  "transformations": [
    {
      "type": "resize",
      "params": {
        "width": 299,
        "height": 168,
        "resize_mode": "fit_within"
      }
    }
  ]
}