{
  "images\\train\\car.jpg": [
    {
      "class_id": 1,
      "bbox": [
        0.567969,
        0.552344,
        0.721875,
        0.765625
      ]
    }
  ],
  "images\\val\\dog.jpg": [
    {
      "class_id": 1,
      "bbox": [
        0.640234,
        0.496094,
        0.719531,
        0.875
      ]
    }
  ],
  "images\\test\\cat.jpg": [
    {
      "class_id": 0,
      "bbox": [
        0.583984,
        0.4875,
        0.832031,
        0.848437
      ]
    }
  ]
}