{
  "release_name": "rok-b",
  "description": "",
  "project_id": 1,
  "dataset_ids": [
    "6ec272ad-f769-4b77-9feb-07a7f6ddc4f8"
  ],
  "export_format": "yolo_detection",
  "task_type": "object_detection",
  "images_per_original": 1,
  "sampling_strategy": "intelligent",
  "output_format": "original",
  "include_original": true,
  "split_sections": [
    "train",
    "val",
    "test"
  ],
  "preserve_original_splits": true,
  "classes": [
    "cat",
    "dog"
  ],
  "split_counts": {
    "train": 1,
    "val": 1,
    "test": 1
  },
  "total_images": 3,
  "transformations": [
    {
      "type": "resize",
      "params": {}
    }
  ]
}