{
  "images\\train\\car.png": [
    {
      "class_id": 2,
      "polygon": [
        0.211719,
        0.935156,
        0.207031,
        0.885156,
        0.210156,
        0.825781,
        0.235156,
        0.719531,
        0.272656,
        0.638281,
        0.305469,
        0.577344,
        0.322656,
        0.538281,
        0.321094,
        0.499219,
        0.353906,
        0.467969,
        0.394531,
        0.435156,
        0.428906,
        0.394531,
        0.455469,
        0.363281,
        0.471094,
        0.349219,
        0.488281,
        0.335156,
        0.508594,
        0.269531,
        0.535156,
        0.222656,
        0.549219,
        0.207031,
        0.583594,
        0.202344,
        0.644531,
        0.253906,
        0.686719,
        0.325781,
        0.708594,
        0.324219,
        0.725781,
        0.308594,
        0.738281,
        0.278906,
        0.746094,
        0.255469,
        0.764844,
        0.217969,
        0.805469,
        0.172656,
        0.853906,
        0.169531,
        0.852344,
        0.221094,
        0.850781,
        0.296094,
        0.838281,
        0.346094,
        0.846094,
        0.367969,
        0.883594,
        0.399219,
        0.908594,
        0.452344,
        0.907031,
        0.497656,
        0.924219,
        0.536719,
        0.928906,
        0.611719,
        0.892969,
        0.635156,
        0.830469,
        0.638281,
        0.786719,
        0.638281,
        0.758594,
        0.642969,
        0.699219,
        0.671094,
        0.716406,
        0.716406,
        0.724219,
        0.739844,
        0.728906,
        0.769531,
        0.728906,
        0.797656,
        0.747656,
        0.850781,
        0.755469,
        0.880469,
        0.758594,
        0.911719,
        0.752344,
        0.933594
      ]
    }
  ],
  "images\\train\\car_1.png": [
    {
      "class_id": 4,
      "polygon": [
        0.132639,
        0.135764,
        0.199306,
        0.080903,
        0.315972,
        0.091319,
        0.366667,
        0.155208,
        0.352083,
        0.216319,
        0.298611,
        0.230208,
        0.155556,
        0.214236
      ]
    }
  ],
  "images\\train\\car_1_resize0x0.png": [
    {
      "class_id": 4,
      "polygon": [
        0.132639,
        0.135764,
        0.199306,
        0.080903,
        0.315972,
        0.091319,
        0.366667,
        0.155208,
        0.352083,
        0.216319,
        0.298611,
        0.230208,
        0.155556,
        0.214236
      ]
    }
  ],
  "images\\train\\car_4.png": [
    {
      "class_id": 5,
      "polygon": [
        0.277486,
        0.20067,
        0.233736,
        0.208483,
        0.219673,
        0.21942,
        0.202486,
        0.21942,
        0.172798,
        0.220983,
        0.154048,
        0.220983,
        0.138423,
        0.21317,
        0.116548,
        0.20692,
        0.100923,
        0.20067,
        0.088423,
        0.195983,
        0.080611,
        0.18817,
        0.080611,
        0.178795,
        0.080611,
        0.16317,
        0.085298,
        0.152233,
        0.096236,
        0.141295,
        0.154048,
        0.124108,
        0.208736,
        0.110045,
        0.255611,
        0.10067,
        0.308736,
        0.103795,
        0.344673,
        0.120983,
        0.368111,
        0.142858,
        0.374361,
        0.170983,
        0.354048,
        0.183483,
        0.327486,
        0.192858,
        0.300923,
        0.191295,
        0.282173,
        0.203795,
        0.282173,
        0.203795
      ]
    }
  ],
  "images\\train\\car_4_resize0x0.png": [
    {
      "class_id": 5,
      "polygon": [
        0.277486,
        0.20067,
        0.233736,
        0.208483,
        0.219673,
        0.21942,
        0.202486,
        0.21942,
        0.172798,
        0.220983,
        0.154048,
        0.220983,
        0.138423,
        0.21317,
        0.116548,
        0.20692,
        0.100923,
        0.20067,
        0.088423,
        0.195983,
        0.080611,
        0.18817,
        0.080611,
        0.178795,
        0.080611,
        0.16317,
        0.085298,
        0.152233,
        0.096236,
        0.141295,
        0.154048,
        0.124108,
        0.208736,
        0.110045,
        0.255611,
        0.10067,
        0.308736,
        0.103795,
        0.344673,
        0.120983,
        0.368111,
        0.142858,
        0.374361,
        0.170983,
        0.354048,
        0.183483,
        0.327486,
        0.192858,
        0.300923,
        0.191295,
        0.282173,
        0.203795,
        0.282173,
        0.203795
      ]
    }
  ],
  "images\\train\\car_resize0x0.png": [
    {
      "class_id": 2,
      "polygon": [
        0.211719,
        0.935156,
        0.207031,
        0.885156,
        0.210156,
        0.825781,
        0.235156,
        0.719531,
        0.272656,
        0.638281,
        0.305469,
        0.577344,
        0.322656,
        0.538281,
        0.321094,
        0.499219,
        0.353906,
        0.467969,
        0.394531,
        0.435156,
        0.428906,
        0.394531,
        0.455469,
        0.363281,
        0.471094,
        0.349219,
        0.488281,
        0.335156,
        0.508594,
        0.269531,
        0.535156,
        0.222656,
        0.549219,
        0.207031,
        0.583594,
        0.202344,
        0.644531,
        0.253906,
        0.686719,
        0.325781,
        0.708594,
        0.324219,
        0.725781,
        0.308594,
        0.738281,
        0.278906,
        0.746094,
        0.255469,
        0.764844,
        0.217969,
        0.805469,
        0.172656,
        0.853906,
        0.169531,
        0.852344,
        0.221094,
        0.850781,
        0.296094,
        0.838281,
        0.346094,
        0.846094,
        0.367969,
        0.883594,
        0.399219,
        0.908594,
        0.452344,
        0.907031,
        0.497656,
        0.924219,
        0.536719,
        0.928906,
        0.611719,
        0.892969,
        0.635156,
        0.830469,
        0.638281,
        0.786719,
        0.638281,
        0.758594,
        0.642969,
        0.699219,
        0.671094,
        0.716406,
        0.716406,
        0.724219,
        0.739844,
        0.728906,
        0.769531,
        0.728906,
        0.797656,
        0.747656,
        0.850781,
        0.755469,
        0.880469,
        0.758594,
        0.911719,
        0.752344,
        0.933594
      ]
    }
  ],
  "images\\val\\car_3.png": [
    {
      "class_id": 4,
      "polygon": [
        0.165767,
        0.220202,
        0.132955,
        0.196764,
        0.126705,
        0.187389,
        0.089205,
        0.167077,
        0.07983,
        0.156139,
        0.07983,
        0.129577,
        0.07983,
        0.109264,
        0.087642,
        0.092077,
        0.100142,
        0.082702,
        0.131392,
        0.082702,
        0.14858,
        0.082702,
        0.165767,
        0.076452,
        0.19858,
        0.067077,
        0.234517,
        0.067077,
        0.262642,
        0.071764,
        0.289205,
        0.079577,
        0.31733,
        0.088952,
        0.345455,
        0.107702,
        0.389205,
        0.135827,
        0.40483,
        0.162389,
        0.40483,
        0.190514,
        0.40483,
        0.213952,
        0.39858,
        0.235827,
        0.368892,
        0.238952,
        0.331392,
        0.240514,
        0.301705,
        0.240514,
        0.26733,
        0.240514,
        0.222017,
        0.228014,
        0.190767,
        0.220202,
        0.170455,
        0.217077,
        0.170455,
        0.217077,
        0.170455,
        0.215514,
        0.170455,
        0.215514
      ]
    }
  ],
  "images\\val\\car_3_resize0x0.png": [
    {
      "class_id": 4,
      "polygon": [
        0.165767,
        0.220202,
        0.132955,
        0.196764,
        0.126705,
        0.187389,
        0.089205,
        0.167077,
        0.07983,
        0.156139,
        0.07983,
        0.129577,
        0.07983,
        0.109264,
        0.087642,
        0.092077,
        0.100142,
        0.082702,
        0.131392,
        0.082702,
        0.14858,
        0.082702,
        0.165767,
        0.076452,
        0.19858,
        0.067077,
        0.234517,
        0.067077,
        0.262642,
        0.071764,
        0.289205,
        0.079577,
        0.31733,
        0.088952,
        0.345455,
        0.107702,
        0.389205,
        0.135827,
        0.40483,
        0.162389,
        0.40483,
        0.190514,
        0.40483,
        0.213952,
        0.39858,
        0.235827,
        0.368892,
        0.238952,
        0.331392,
        0.240514,
        0.301705,
        0.240514,
        0.26733,
        0.240514,
        0.222017,
        0.228014,
        0.190767,
        0.220202,
        0.170455,
        0.217077,
        0.170455,
        0.217077,
        0.170455,
        0.215514,
        0.170455,
        0.215514
      ]
    }
  ],
  "images\\val\\car_5.png": [
    {
      "class_id": 3,
      "polygon": [
        0.064986,
        0.191295,
        0.055611,
        0.145983,
        0.071236,
        0.12567,
        0.096236,
        0.10692,
        0.130611,
        0.10067,
        0.144673,
        0.089733,
        0.161861,
        0.077233,
        0.180611,
        0.070983,
        0.214986,
        0.070983,
        0.257173,
        0.06317,
        0.313423,
        0.067858,
        0.318111,
        0.06942,
        0.346236,
        0.09442,
        0.361861,
        0.108483,
        0.379048,
        0.120983,
        0.379048,
        0.141295,
        0.374361,
        0.161608,
        0.366548,
        0.180358,
        0.338423,
        0.189733,
        0.313423,
        0.174108,
        0.308736,
        0.172545,
        0.300923,
        0.174108,
        0.289986,
        0.178795,
        0.280611,
        0.180358,
        0.271236,
        0.186608,
        0.261861,
        0.195983,
        0.249361,
        0.205358,
        0.221236,
        0.205358,
        0.193111,
        0.205358,
        0.152486,
        0.208483,
        0.111861,
        0.20692,
        0.074361,
        0.195983,
        0.060298,
        0.192858,
        0.060298,
        0.192858
      ]
    }
  ],
  "images\\val\\car_5_resize0x0.png": [
    {
      "class_id": 3,
      "polygon": [
        0.064986,
        0.191295,
        0.055611,
        0.145983,
        0.071236,
        0.12567,
        0.096236,
        0.10692,
        0.130611,
        0.10067,
        0.144673,
        0.089733,
        0.161861,
        0.077233,
        0.180611,
        0.070983,
        0.214986,
        0.070983,
        0.257173,
        0.06317,
        0.313423,
        0.067858,
        0.318111,
        0.06942,
        0.346236,
        0.09442,
        0.361861,
        0.108483,
        0.379048,
        0.120983,
        0.379048,
        0.141295,
        0.374361,
        0.161608,
        0.366548,
        0.180358,
        0.338423,
        0.189733,
        0.313423,
        0.174108,
        0.308736,
        0.172545,
        0.300923,
        0.174108,
        0.289986,
        0.178795,
        0.280611,
        0.180358,
        0.271236,
        0.186608,
        0.261861,
        0.195983,
        0.249361,
        0.205358,
        0.221236,
        0.205358,
        0.193111,
        0.205358,
        0.152486,
        0.208483,
        0.111861,
        0.20692,
        0.074361,
        0.195983,
        0.060298,
        0.192858,
        0.060298,
        0.192858
      ]
    }
  ],
  "images\\val\\dog.png": [
    {
      "class_id": 2,
      "polygon": [
        0.305469,
        0.369531,
        0.280469,
        0.324219,
        0.319531,
        0.271094,
        0.357031,
        0.235156,
        0.385156,
        0.208594,
        0.386719,
        0.164844,
        0.424219,
        0.108594,
        0.461719,
        0.085156,
        0.508594,
        0.067969,
        0.588281,
        0.058594,
        0.630469,
        0.066406,
        0.739844,
        0.060156,
        0.782031,
        0.086719,
        0.832031,
        0.124219,
        0.877344,
        0.167969,
        0.917969,
        0.202344,
        0.936719,
        0.235156,
        0.944531,
        0.286719,
        0.960156,
        0.321094,
        0.991406,
        0.358594,
        1.0,
        0.413281,
        0.996094,
        0.450781,
        0.963281,
        0.507031,
        0.942969,
        0.538281,
        0.955469,
        0.583594,
        0.978906,
        0.613281,
        1.0,
        0.653906,
        1.0,
        0.672656,
        1.0,
        0.646094,
        1.0,
        0.594531,
        1.0,
        0.588281,
        1.0,
        0.608594,
        1.0,
        0.641406,
        1.0,
        0.672656,
        1.0,
        0.711719,
        1.0,
        0.735156,
        1.0,
        0.786719,
        1.0,
        0.824219,
        1.0,
        0.866406,
        1.0,
        0.913281,
        1.0,
        0.933594,
        0.466406,
        0.933594,
        0.472656,
        0.894531,
        0.450781,
        0.872656,
        0.435156,
        0.819531,
        0.432031,
        0.772656,
        0.417969,
        0.724219,
        0.389844,
        0.667969,
        0.367969,
        0.594531,
        0.369531,
        0.538281,
        0.374219,
        0.516406,
        0.361719,
        0.483594,
        0.352344,
        0.447656,
        0.325781,
        0.407031
      ]
    }
  ],
  "images\\val\\dog_resize0x0.png": [
    {
      "class_id": 2,
      "polygon": [
        0.305469,
        0.369531,
        0.280469,
        0.324219,
        0.319531,
        0.271094,
        0.357031,
        0.235156,
        0.385156,
        0.208594,
        0.386719,
        0.164844,
        0.424219,
        0.108594,
        0.461719,
        0.085156,
        0.508594,
        0.067969,
        0.588281,
        0.058594,
        0.630469,
        0.066406,
        0.739844,
        0.060156,
        0.782031,
        0.086719,
        0.832031,
        0.124219,
        0.877344,
        0.167969,
        0.917969,
        0.202344,
        0.936719,
        0.235156,
        0.944531,
        0.286719,
        0.960156,
        0.321094,
        0.991406,
        0.358594,
        1.0,
        0.413281,
        0.996094,
        0.450781,
        0.963281,
        0.507031,
        0.942969,
        0.538281,
        0.955469,
        0.583594,
        0.978906,
        0.613281,
        1.0,
        0.653906,
        1.0,
        0.672656,
        1.0,
        0.646094,
        1.0,
        0.594531,
        1.0,
        0.588281,
        1.0,
        0.608594,
        1.0,
        0.641406,
        1.0,
        0.672656,
        1.0,
        0.711719,
        1.0,
        0.735156,
        1.0,
        0.786719,
        1.0,
        0.824219,
        1.0,
        0.866406,
        1.0,
        0.913281,
        1.0,
        0.933594,
        0.466406,
        0.933594,
        0.472656,
        0.894531,
        0.450781,
        0.872656,
        0.435156,
        0.819531,
        0.432031,
        0.772656,
        0.417969,
        0.724219,
        0.389844,
        0.667969,
        0.367969,
        0.594531,
        0.369531,
        0.538281,
        0.374219,
        0.516406,
        0.361719,
        0.483594,
        0.352344,
        0.447656,
        0.325781,
        0.407031
      ]
    }
  ],
  "images\\test\\car_2.png": [
    {
      "class_id": 0,
      "polygon": [
        0.058594,
        0.191406,
        0.055469,
        0.161719,
        0.055469,
        0.144531,
        0.069531,
        0.113281,
        0.091406,
        0.097656,
        0.130469,
        0.080469,
        0.177344,
        0.060156,
        0.260156,
        0.066406,
        0.328906,
        0.097656,
        0.377344,
        0.127344,
        0.424219,
        0.167969,
        0.414844,
        0.199219,
        0.389844,
        0.224219,
        0.325781,
        0.239844,
        0.224219,
        0.242969,
        0.167969,
        0.242969,
        0.110156,
        0.227344,
        0.071094,
        0.211719
      ]
    }
  ],
  "images\\test\\car_2_resize0x0.png": [
    {
      "class_id": 0,
      "polygon": [
        0.058594,
        0.191406,
        0.055469,
        0.161719,
        0.055469,
        0.144531,
        0.069531,
        0.113281,
        0.091406,
        0.097656,
        0.130469,
        0.080469,
        0.177344,
        0.060156,
        0.260156,
        0.066406,
        0.328906,
        0.097656,
        0.377344,
        0.127344,
        0.424219,
        0.167969,
        0.414844,
        0.199219,
        0.389844,
        0.224219,
        0.325781,
        0.239844,
        0.224219,
        0.242969,
        0.167969,
        0.242969,
        0.110156,
        0.227344,
        0.071094,
        0.211719
      ]
    }
  ],
  "images\\test\\cat.png": [
    {
      "class_id": 1,
      "polygon": [
        0.310156,
        0.882031,
        0.288281,
        0.846094,
        0.275781,
        0.769531,
        0.219531,
        0.742969,
        0.167969,
        0.736719,
        0.258594,
        0.636719,
        0.335156,
        0.538281,
        0.360156,
        0.469531,
        0.386719,
        0.380469,
        0.397656,
        0.333594,
        0.402344,
        0.285156,
        0.400781,
        0.235156,
        0.389844,
        0.174219,
        0.382031,
        0.094531,
        0.392969,
        0.063281,
        0.425781,
        0.086719,
        0.486719,
        0.121094,
        0.535156,
        0.169531,
        0.574219,
        0.177344,
        0.641406,
        0.177344,
        0.705469,
        0.174219,
        0.753906,
        0.157031,
        0.808594,
        0.100781,
        0.877344,
        0.092969,
        0.875781,
        0.135156,
        0.853906,
        0.189844,
        0.839844,
        0.255469,
        0.833594,
        0.314844,
        0.836719,
        0.361719,
        0.833594,
        0.417969,
        0.825781,
        0.488281,
        0.853906,
        0.508594,
        0.896094,
        0.522656,
        0.933594,
        0.557031,
        0.978906,
        0.580469,
        0.961719,
        0.617969,
        0.903906,
        0.585156,
        0.864844,
        0.552344,
        0.850781,
        0.549219,
        0.900781,
        0.591406,
        0.924219,
        0.622656,
        0.927344,
        0.655469,
        0.896094,
        0.663281,
        0.880469,
        0.628906,
        0.860156,
        0.610156,
        0.835156,
        0.586719,
        0.827344,
        0.580469,
        0.835156,
        0.622656,
        0.860156,
        0.639844,
        0.914844,
        0.652344,
        0.953906,
        0.644531,
        0.991406,
        0.649219,
        1.0,
        0.672656,
        1.0,
        0.722656,
        1.0,
        0.741406,
        1.0,
        0.757031,
        1.0,
        0.755469,
        1.0,
        0.757031,
        0.957031,
        0.758594,
        0.939844,
        0.758594,
        0.938281,
        0.791406,
        0.928906,
        0.830469,
        0.896094,
        0.855469,
        0.846094,
        0.872656,
        0.800781,
        0.853906,
        0.780469,
        0.816406,
        0.767969,
        0.785156,
        0.761719,
        0.763281,
        0.700781,
        0.760156,
        0.591406,
        0.767969,
        0.482031,
        0.763281,
        0.452344,
        0.763281,
        0.460156,
        0.810156,
        0.452344,
        0.857031,
        0.414844,
        0.882031,
        0.366406,
        0.911719,
        0.333594,
        0.903906
      ]
    }
  ],
  "images\\test\\cat_resize0x0.png": [
    {
      "class_id": 1,
      "polygon": [
        0.310156,
        0.882031,
        0.288281,
        0.846094,
        0.275781,
        0.769531,
        0.219531,
        0.742969,
        0.167969,
        0.736719,
        0.258594,
        0.636719,
        0.335156,
        0.538281,
        0.360156,
        0.469531,
        0.386719,
        0.380469,
        0.397656,
        0.333594,
        0.402344,
        0.285156,
        0.400781,
        0.235156,
        0.389844,
        0.174219,
        0.382031,
        0.094531,
        0.392969,
        0.063281,
        0.425781,
        0.086719,
        0.486719,
        0.121094,
        0.535156,
        0.169531,
        0.574219,
        0.177344,
        0.641406,
        0.177344,
        0.705469,
        0.174219,
        0.753906,
        0.157031,
        0.808594,
        0.100781,
        0.877344,
        0.092969,
        0.875781,
        0.135156,
        0.853906,
        0.189844,
        0.839844,
        0.255469,
        0.833594,
        0.314844,
        0.836719,
        0.361719,
        0.833594,
        0.417969,
        0.825781,
        0.488281,
        0.853906,
        0.508594,
        0.896094,
        0.522656,
        0.933594,
        0.557031,
        0.978906,
        0.580469,
        0.961719,
        0.617969,
        0.903906,
        0.585156,
        0.864844,
        0.552344,
        0.850781,
        0.549219,
        0.900781,
        0.591406,
        0.924219,
        0.622656,
        0.927344,
        0.655469,
        0.896094,
        0.663281,
        0.880469,
        0.628906,
        0.860156,
        0.610156,
        0.835156,
        0.586719,
        0.827344,
        0.580469,
        0.835156,
        0.622656,
        0.860156,
        0.639844,
        0.914844,
        0.652344,
        0.953906,
        0.644531,
        0.991406,
        0.649219,
        1.0,
        0.672656,
        1.0,
        0.722656,
        1.0,
        0.741406,
        1.0,
        0.757031,
        1.0,
        0.755469,
        1.0,
        0.757031,
        0.957031,
        0.758594,
        0.939844,
        0.758594,
        0.938281,
        0.791406,
        0.928906,
        0.830469,
        0.896094,
        0.855469,
        0.846094,
        0.872656,
        0.800781,
        0.853906,
        0.780469,
        0.816406,
        0.767969,
        0.785156,
        0.761719,
        0.763281,
        0.700781,
        0.760156,
        0.591406,
        0.767969,
        0.482031,
        0.763281,
        0.452344,
        0.763281,
        0.460156,
        0.810156,
        0.452344,
        0.857031,
        0.414844,
        0.882031,
        0.366406,
        0.911719,
        0.333594,
        0.903906
      ]
    }
  ]
}