{
  "images\\train\\cat.jpg": [
    {
      "class_id": 0,
      "polygon": [
        0.260625,
        0.845318,
        0.234375,
        0.822772,
        0.225625,
        0.758894,
        0.200625,
        0.731339,
        0.136875,
        0.731339,
        0.149375,
        0.678734,
        0.248125,
        0.55724,
        0.285625,
        0.50714,
        0.313125,
        0.395666,
        0.306875,
        0.335546,
        0.295625,
        0.20779,
        0.330625,
        0.155184,
        0.378125,
        0.201527,
        0.420625,
        0.25288,
        0.481875,
        0.259143,
        0.535625,
        0.259143,
        0.581875,
        0.255385,
        0.643125,
        0.225325,
        0.673125,
        0.201527,
        0.700625,
        0.196517,
        0.689375,
        0.256638,
        0.669375,
        0.331788,
        0.665625,
        0.375626,
        0.675625,
        0.433242,
        0.669375,
        0.504635,
        0.663125,
        0.554735,
        0.703125,
        0.613603,
        0.740625,
        0.657441,
        0.765625,
        0.723824,
        0.746875,
        0.793965,
        0.698125,
        0.825277,
        0.631875,
        0.790207,
        0.595625,
        0.741359,
        0.568125,
        0.728834,
        0.423125,
        0.736349,
        0.359375,
        0.740107,
        0.361875,
        0.812752,
        0.296875,
        0.850328
      ]
    }
  ],
  "images\\train\\cat_crop70.jpg": [
    {
      "class_id": 12,
      "polygon": [
        0.158036,
        0.876004,
        0.120536,
        0.876004,
        0.108036,
        0.869741,
        0.072321,
        0.830377,
        0.0,
        0.830377,
        0.0,
        0.755226,
        0.140179,
        0.581664,
        0.19375,
        0.510092,
        0.233036,
        0.350844,
        0.224107,
        0.264958,
        0.208036,
        0.124498,
        0.258036,
        0.124498,
        0.325893,
        0.124498,
        0.386607,
        0.146864,
        0.474107,
        0.155811,
        0.550893,
        0.155811,
        0.616964,
        0.150443,
        0.704464,
        0.124498,
        0.747321,
        0.124498,
        0.786607,
        0.124498,
        0.770536,
        0.152232,
        0.741964,
        0.25959,
        0.736607,
        0.322216,
        0.750893,
        0.404523,
        0.741964,
        0.506514,
        0.733036,
        0.578086,
        0.790179,
        0.662183,
        0.84375,
        0.724808,
        0.879464,
        0.819641,
        0.852679,
        0.876004,
        0.783036,
        0.876004,
        0.688393,
        0.876004,
        0.636607,
        0.844691,
        0.597321,
        0.826798,
        0.390179,
        0.837534,
        0.299107,
        0.842902,
        0.302679,
        0.876004,
        0.209821,
        0.876004
      ]
    }
  ],
  "images\\val\\dog.jpg": [
    {
      "class_id": 1,
      "polygon": [
        0.368125,
        0.872873,
        0.370625,
        0.829035,
        0.343125,
        0.805237,
        0.336875,
        0.733844,
        0.326875,
        0.683744,
        0.300625,
        0.616108,
        0.299375,
        0.559745,
        0.284375,
        0.50213,
        0.259375,
        0.47207,
        0.230625,
        0.430737,
        0.224375,
        0.400676,
        0.231875,
        0.360596,
        0.270625,
        0.325526,
        0.290625,
        0.301728,
        0.326875,
        0.22282,
        0.348125,
        0.201527,
        0.395625,
        0.178982,
        0.443125,
        0.16771,
        0.506875,
        0.16771,
        0.553125,
        0.171467,
        0.614375,
        0.175225,
        0.668125,
        0.224073,
        0.723125,
        0.270415,
        0.761875,
        0.314253,
        0.774375,
        0.360596,
        0.785625,
        0.420717,
        0.791875,
        0.457039,
        0.793125,
        0.490857,
        0.766875,
        0.530938,
        0.755625,
        0.564755,
        0.800625,
        0.632391,
        0.818125,
        0.658694,
        0.863125,
        0.57227,
        0.889375,
        0.589805,
        0.899375,
        0.632391,
        0.876875,
        0.693764,
        0.844375,
        0.733844,
        0.835625,
        0.785197,
        0.845625,
        0.84156,
        0.860625,
        0.869115,
        0.860625,
        0.870368,
        0.860625,
        0.870368
      ]
    }
  ],
  "images\\val\\dog_crop70.jpg": [
    {
      "class_id": 1,
      "polygon": [
        0.311607,
        0.876004,
        0.315179,
        0.876004,
        0.275893,
        0.876004,
        0.266964,
        0.833955,
        0.252679,
        0.762383,
        0.215179,
        0.665761,
        0.213393,
        0.585243,
        0.191964,
        0.502935,
        0.15625,
        0.459992,
        0.115179,
        0.400945,
        0.10625,
        0.358002,
        0.116964,
        0.300744,
        0.172321,
        0.250644,
        0.200893,
        0.216647,
        0.252679,
        0.124498,
        0.283036,
        0.124498,
        0.350893,
        0.124498,
        0.41875,
        0.124498,
        0.509821,
        0.124498,
        0.575893,
        0.124498,
        0.663393,
        0.124498,
        0.740179,
        0.124498,
        0.81875,
        0.171914,
        0.874107,
        0.23454,
        0.891964,
        0.300744,
        0.908036,
        0.38663,
        0.916964,
        0.43852,
        0.91875,
        0.486831,
        0.88125,
        0.544089,
        0.865179,
        0.5924,
        0.929464,
        0.689022,
        0.954464,
        0.726597,
        1.0,
        0.603136,
        1.0,
        0.628186,
        1.0,
        0.689022,
        1.0,
        0.776698,
        0.991964,
        0.833955,
        0.979464,
        0.876004,
        0.99375,
        0.876004,
        1.0,
        0.876004,
        1.0,
        0.876004,
        1.0,
        0.876004
      ]
    }
  ],
  "images\\test\\car.jpg": [
    {
      "class_id": 1,
      "polygon": [
        0.179375,
        0.862853,
        0.163125,
        0.824025,
        0.170625,
        0.771419,
        0.196875,
        0.673724,
        0.261875,
        0.573523,
        0.256875,
        0.534695,
        0.296875,
        0.4871,
        0.338125,
        0.438252,
        0.408125,
        0.406939,
        0.401875,
        0.351829,
        0.449375,
        0.291708,
        0.496875,
        0.292961,
        0.548125,
        0.381889,
        0.575625,
        0.393161,
        0.601875,
        0.305486,
        0.643125,
        0.236598,
        0.690625,
        0.304233,
        0.679375,
        0.369364,
        0.678125,
        0.396919,
        0.694375,
        0.424474,
        0.723125,
        0.474575,
        0.741875,
        0.534695,
        0.738125,
        0.621118,
        0.651875,
        0.639906,
        0.588125,
        0.661199,
        0.584375,
        0.725077,
        0.613125,
        0.80649,
        0.621875,
        0.864105
      ]
    }
  ],
  "images\\test\\car_crop70.jpg": [
    {
      "class_id": 1,
      "polygon": [
        0.041964,
        0.876004,
        0.01875,
        0.876004,
        0.029464,
        0.876004,
        0.066964,
        0.748069,
        0.159821,
        0.604925,
        0.152679,
        0.549457,
        0.209821,
        0.481463,
        0.26875,
        0.411681,
        0.36875,
        0.366948,
        0.359821,
        0.288219,
        0.427679,
        0.202333,
        0.495536,
        0.204122,
        0.56875,
        0.331162,
        0.608036,
        0.347266,
        0.645536,
        0.222015,
        0.704464,
        0.124498,
        0.772321,
        0.220226,
        0.75625,
        0.313269,
        0.754464,
        0.352634,
        0.777679,
        0.391998,
        0.81875,
        0.46357,
        0.845536,
        0.549457,
        0.840179,
        0.672918,
        0.716964,
        0.699758,
        0.625893,
        0.730176,
        0.620536,
        0.82143,
        0.661607,
        0.876004,
        0.674107,
        0.876004
      ]
    }
  ]
}