{
  "images\\train\\cat.jpg": [
    {
      "class_id": 0,
      "bbox": [
        0.45125,
        0.503333,
        0.62875,
        0.925
      ]
    }
  ],
  "images\\train\\cat_flip_vertical.jpg": [
    {
      "class_id": 12,
      "bbox": [
        0.45125,
        0.496667,
        0.62875,
        0.925
      ]
    }
  ],
  "images\\train\\cat_rotate-40.jpg": [
    {
      "class_id": 12,
      "bbox": [
        0.46432,
        0.5,
        0.927805,
        1.0
      ]
    }
  ],
  "images\\train\\cat_rotate-40_flip_vertical.jpg": [
    {
      "class_id": 12,
      "bbox": [
        0.46432,
        0.5,
        0.927805,
        1.0
      ]
    }
  ],
  "images\\train\\cat_rotate40.jpg": [
    {
      "class_id": 12,
      "bbox": [
        0.462501,
        0.5,
        0.925002,
        1.0
      ]
    }
  ],
  "images\\train\\cat_rotate40_flip_vertical.jpg": [
    {
      "class_id": 12,
      "bbox": [
        0.462501,
        0.5,
        0.925002,
        1.0
      ]
    }
  ],
  "images\\val\\dog.jpg": [
    {
      "class_id": 1,
      "bbox": [
        0.561875,
        0.526667,
        0.675,
        0.938333
      ]
    }
  ],
  "images\\val\\dog_flip_vertical.jpg": [
    {
      "class_id": 1,
      "bbox": [
        0.561875,
        0.473333,
        0.675,
        0.938333
      ]
    }
  ],
  "images\\val\\dog_rotate-40.jpg": [
    {
      "class_id": 1,
      "bbox": [
        0.5377,
        0.5,
        0.9246,
        1.0
      ]
    }
  ],
  "images\\val\\dog_rotate-40_flip_vertical.jpg": [
    {
      "class_id": 1,
      "bbox": [
        0.5377,
        0.5,
        0.9246,
        1.0
      ]
    }
  ],
  "images\\val\\dog_rotate40.jpg": [
    {
      "class_id": 1,
      "bbox": [
        0.524818,
        0.5,
        0.950365,
        1.0
      ]
    }
  ],
  "images\\val\\dog_rotate40_flip_vertical.jpg": [
    {
      "class_id": 1,
      "bbox": [
        0.524818,
        0.5,
        0.950365,
        1.0
      ]
    }
  ],
  "images\\test\\car.jpg": [
    {
      "class_id": 1,
      "bbox": [
        0.4525,
        0.566667,
        0.57875,
        0.835
      ]
    }
  ],
  "images\\test\\car_flip_vertical.jpg": [
    {
      "class_id": 1,
      "bbox": [
        0.4525,
        0.433333,
        0.57875,
        0.835
      ]
    }
  ],
  "images\\test\\car_rotate-40.jpg": [
    {
      "class_id": 1,
      "bbox": [
        0.495872,
        0.511955,
        0.846081,
        0.97609
      ]
    }
  ],
  "images\\test\\car_rotate-40_flip_vertical.jpg": [
    {
      "class_id": 1,
      "bbox": [
        0.495872,
        0.488045,
        0.846081,
        0.97609
      ]
    }
  ],
  "images\\test\\car_rotate40.jpg": [
    {
      "class_id": 1,
      "bbox": [
        0.43146,
        0.5,
        0.846081,
        1.0
      ]
    }
  ],
  "images\\test\\car_rotate40_flip_vertical.jpg": [
    {
      "class_id": 1,
      "bbox": [
        0.43146,
        0.5,
        0.846081,
        1.0
      ]
    }
  ]
}