{
  "images\\train\\cat.jpg": [
    {
      "class_id": 0,
      "bbox": [
        0.45125,
        0.503333,
        0.62875,
        0.925
      ]
    }
  ],
  "images\\train\\cat_rotate-37.jpg": [
    {
      "class_id": 12,
      "bbox": [
        0.47045,
        0.526465,
        0.737957,
        0.774115
      ]
    }
  ],
  "images\\train\\cat_rotate37.jpg": [
    {
      "class_id": 12,
      "bbox": [
        0.467992,
        0.476806,
        0.737957,
        0.774115
      ]
    }
  ],
  "images\\val\\dog.jpg": [
    {
      "class_id": 1,
      "bbox": [
        0.561875,
        0.526667,
        0.675,
        0.938333
      ]
    }
  ],
  "images\\val\\dog_rotate-37.jpg": [
    {
      "class_id": 1,
      "bbox": [
        0.548896,
        0.481571,
        0.772073,
        0.804213
      ]
    }
  ],
  "images\\val\\dog_rotate37.jpg": [
    {
      "class_id": 1,
      "bbox": [
        0.529236,
        0.544599,
        0.772073,
        0.804213
      ]
    }
  ],
  "images\\test\\car.jpg": [
    {
      "class_id": 1,
      "bbox": [
        0.4525,
        0.566667,
        0.57875,
        0.835
      ]
    }
  ],
  "images\\test\\car_rotate-37.jpg": [
    {
      "class_id": 1,
      "bbox": [
        0.494585,
        0.556905,
        0.673212,
        0.704488
      ]
    }
  ],
  "images\\test\\car_rotate37.jpg": [
    {
      "class_id": 1,
      "bbox": [
        0.445435,
        0.50852,
        0.673212,
        0.704488
      ]
    }
  ]
}