{
  "release_name": "version_auto_2025_09_22_17_41",
  "description": "",
  "project_id": 1,
  "dataset_ids": [
    "7c2978c8-d056-46da-8baa-8d37258021d4"
  ],
  "export_format": "yolo_detection",
  "task_type": "object_detection",
  "images_per_original": 3,
  "sampling_strategy": "intelligent",
  "output_format": "original",
  "include_original": true,
  "split_sections": [
    "train",
    "val",
    "test"
  ],
  "preserve_original_splits": true,
  "classes": [
    "cat",
    "dog"
  ],
  "split_counts": {
    "train": 3,
    "val": 3,
    "test": 3
  },
  "total_images": 9,
  "transformations": [
    {
      "type": "resize",
      "params": {
        "width": 400,
        "height": 400
      }
    },
    {
      "type": "rotate",
      "params": {
        "angle": 37.9
      }
    }
  ]
}