{
  "images\\train\\cat.jpg": [
    {
      "class_id": 0,
      "polygon": [
        0.260625,
        0.846042,
        0.234375,
        0.823542,
        0.225625,
        0.759792,
        0.200625,
        0.732292,
        0.136875,
        0.732292,
        0.149375,
        0.679792,
        0.248125,
        0.558542,
        0.285625,
        0.508542,
        0.313125,
        0.397292,
        0.306875,
        0.337292,
        0.295625,
        0.209792,
        0.330625,
        0.157292,
        0.378125,
        0.203542,
        0.420625,
        0.254792,
        0.481875,
        0.261042,
        0.535625,
        0.261042,
        0.581875,
        0.257292,
        0.643125,
        0.227292,
        0.673125,
        0.203542,
        0.700625,
        0.198542,
        0.689375,
        0.258542,
        0.669375,
        0.333542,
        0.665625,
        0.377292,
        0.675625,
        0.434792,
        0.669375,
        0.506042,
        0.663125,
        0.556042,
        0.703125,
        0.614792,
        0.740625,
        0.658542,
        0.765625,
        0.724792,
        0.746875,
        0.794792,
        0.698125,
        0.826042,
        0.631875,
        0.791042,
        0.595625,
        0.742292,
        0.568125,
        0.729792,
        0.423125,
        0.737292,
        0.359375,
        0.741042,
        0.361875,
        0.813542,
        0.296875,
        0.851042
      ]
    }
  ],
  "images\\train\\cat_flip_vertical.jpg": [
    {
      "class_id": 12,
      "polygon": [
        0.260625,
        0.157292,
        0.234375,
        0.179792,
        0.225625,
        0.243542,
        0.200625,
        0.271042,
        0.136875,
        0.271042,
        0.149375,
        0.323542,
        0.248125,
        0.444792,
        0.285625,
        0.494792,
        0.313125,
        0.606042,
        0.306875,
        0.666042,
        0.295625,
        0.793542,
        0.330625,
        0.846042,
        0.378125,
        0.799792,
        0.420625,
        0.748542,
        0.481875,
        0.742292,
        0.535625,
        0.742292,
        0.581875,
        0.746042,
        0.643125,
        0.776042,
        0.673125,
        0.799792,
        0.700625,
        0.804792,
        0.689375,
        0.744792,
        0.669375,
        0.669792,
        0.665625,
        0.626042,
        0.675625,
        0.568542,
        0.669375,
        0.497292,
        0.663125,
        0.447292,
        0.703125,
        0.388542,
        0.740625,
        0.344792,
        0.765625,
        0.278542,
        0.746875,
        0.208542,
        0.698125,
        0.177292,
        0.631875,
        0.212292,
        0.595625,
        0.261042,
        0.568125,
        0.273542,
        0.423125,
        0.266042,
        0.359375,
        0.262292,
        0.361875,
        0.189792,
        0.296875,
        0.152292
      ]
    }
  ],
  "images\\val\\dog.jpg": [
    {
      "class_id": 1,
      "polygon": [
        0.368125,
        0.873542,
        0.370625,
        0.829792,
        0.343125,
        0.806042,
        0.336875,
        0.734792,
        0.326875,
        0.684792,
        0.300625,
        0.617292,
        0.299375,
        0.561042,
        0.284375,
        0.503542,
        0.259375,
        0.473542,
        0.230625,
        0.432292,
        0.224375,
        0.402292,
        0.231875,
        0.362292,
        0.270625,
        0.327292,
        0.290625,
        0.303542,
        0.326875,
        0.224792,
        0.348125,
        0.203542,
        0.395625,
        0.181042,
        0.443125,
        0.169792,
        0.506875,
        0.169792,
        0.553125,
        0.173542,
        0.614375,
        0.177292,
        0.668125,
        0.226042,
        0.723125,
        0.272292,
        0.761875,
        0.316042,
        0.774375,
        0.362292,
        0.785625,
        0.422292,
        0.791875,
        0.458542,
        0.793125,
        0.492292,
        0.766875,
        0.532292,
        0.755625,
        0.566042,
        0.800625,
        0.633542,
        0.818125,
        0.659792,
        0.863125,
        0.573542,
        0.889375,
        0.591042,
        0.899375,
        0.633542,
        0.876875,
        0.694792,
        0.844375,
        0.734792,
        0.835625,
        0.786042,
        0.845625,
        0.842292,
        0.860625,
        0.869792,
        0.860625,
        0.871042,
        0.860625,
        0.871042
      ]
    }
  ],
  "images\\val\\dog_flip_vertical.jpg": [
    {
      "class_id": 1,
      "polygon": [
        0.368125,
        0.129792,
        0.370625,
        0.173542,
        0.343125,
        0.197292,
        0.336875,
        0.268542,
        0.326875,
        0.318542,
        0.300625,
        0.386042,
        0.299375,
        0.442292,
        0.284375,
        0.499792,
        0.259375,
        0.529792,
        0.230625,
        0.571042,
        0.224375,
        0.601042,
        0.231875,
        0.641042,
        0.270625,
        0.676042,
        0.290625,
        0.699792,
        0.326875,
        0.778542,
        0.348125,
        0.799792,
        0.395625,
        0.822292,
        0.443125,
        0.833542,
        0.506875,
        0.833542,
        0.553125,
        0.829792,
        0.614375,
        0.826042,
        0.668125,
        0.777292,
        0.723125,
        0.731042,
        0.761875,
        0.687292,
        0.774375,
        0.641042,
        0.785625,
        0.581042,
        0.791875,
        0.544792,
        0.793125,
        0.511042,
        0.766875,
        0.471042,
        0.755625,
        0.437292,
        0.800625,
        0.369792,
        0.818125,
        0.343542,
        0.863125,
        0.429792,
        0.889375,
        0.412292,
        0.899375,
        0.369792,
        0.876875,
        0.308542,
        0.844375,
        0.268542,
        0.835625,
        0.217292,
        0.845625,
        0.161042,
        0.860625,
        0.133542,
        0.860625,
        0.132292,
        0.860625,
        0.132292
      ]
    }
  ],
  "images\\test\\car.jpg": [
    {
      "class_id": 1,
      "polygon": [
        0.179375,
        0.863542,
        0.163125,
        0.824792,
        0.170625,
        0.772292,
        0.196875,
        0.674792,
        0.261875,
        0.574792,
        0.256875,
        0.536042,
        0.296875,
        0.488542,
        0.338125,
        0.439792,
        0.408125,
        0.408542,
        0.401875,
        0.353542,
        0.449375,
        0.293542,
        0.496875,
        0.294792,
        0.548125,
        0.383542,
        0.575625,
        0.394792,
        0.601875,
        0.307292,
        0.643125,
        0.238542,
        0.690625,
        0.306042,
        0.679375,
        0.371042,
        0.678125,
        0.398542,
        0.694375,
        0.426042,
        0.723125,
        0.476042,
        0.741875,
        0.536042,
        0.738125,
        0.622292,
        0.651875,
        0.641042,
        0.588125,
        0.662292,
        0.584375,
        0.726042,
        0.613125,
        0.807292,
        0.621875,
        0.864792
      ]
    }
  ],
  "images\\test\\car_flip_vertical.jpg": [
    {
      "class_id": 1,
      "polygon": [
        0.179375,
        0.139792,
        0.163125,
        0.178542,
        0.170625,
        0.231042,
        0.196875,
        0.328542,
        0.261875,
        0.428542,
        0.256875,
        0.467292,
        0.296875,
        0.514792,
        0.338125,
        0.563542,
        0.408125,
        0.594792,
        0.401875,
        0.649792,
        0.449375,
        0.709792,
        0.496875,
        0.708542,
        0.548125,
        0.619792,
        0.575625,
        0.608542,
        0.601875,
        0.696042,
        0.643125,
        0.764792,
        0.690625,
        0.697292,
        0.679375,
        0.632292,
        0.678125,
        0.604792,
        0.694375,
        0.577292,
        0.723125,
        0.527292,
        0.741875,
        0.467292,
        0.738125,
        0.381042,
        0.651875,
        0.362292,
        0.588125,
        0.341042,
        0.584375,
        0.277292,
        0.613125,
        0.196042,
        0.621875,
        0.138542
      ]
    }
  ]
}