{
  "images\\train\\car.jpg": [
    {
      "class_id": 1,
      "bbox": [
        0.567969,
        0.552344,
        0.721875,
        0.765625
      ]
    }
  ],
  "images\\train\\car_rotate-43.jpg": [
    {
      "class_id": 1,
      "bbox": [
        0.529908,
        0.5,
        0.940185,
        1.0
      ]
    }
  ],
  "images\\train\\car_rotate43.jpg": [
    {
      "class_id": 1,
      "bbox": [
        0.5,
        0.529352,
        1.0,
        0.941296
      ]
    }
  ],
  "images\\val\\dog.jpg": [
    {
      "class_id": 1,
      "bbox": [
        0.690625,
        0.496094,
        0.820312,
        0.875
      ]
    }
  ],
  "images\\val\\dog_rotate-43.jpg": [
    {
      "class_id": 1,
      "bbox": [
        0.518017,
        0.482449,
        0.963965,
        0.964898
      ]
    }
  ],
  "images\\val\\dog_rotate43.jpg": [
    {
      "class_id": 1,
      "bbox": [
        0.520721,
        0.514732,
        0.958558,
        0.970537
      ]
    }
  ],
  "images\\test\\cat.jpg": [
    {
      "class_id": 0,
      "bbox": [
        0.678125,
        0.4875,
        1.0,
        0.848437
      ]
    }
  ],
  "images\\test\\cat_rotate-43.jpg": [
    {
      "class_id": 0,
      "bbox": [
        0.5,
        0.5,
        1.0,
        1.0
      ]
    }
  ],
  "images\\test\\cat_rotate43.jpg": [
    {
      "class_id": 0,
      "bbox": [
        0.5,
        0.5,
        1.0,
        1.0
      ]
    }
  ]
}