{
  "images\\train\\car.jpg": [
    {
      "class_id": 1,
      "polygon": [
        0.211719,
        0.935156,
        0.207031,
        0.885156,
        0.210156,
        0.825781,
        0.235156,
        0.719531,
        0.272656,
        0.638281,
        0.305469,
        0.577344,
        0.322656,
        0.538281,
        0.321094,
        0.499219,
        0.353906,
        0.467969,
        0.394531,
        0.435156,
        0.428906,
        0.394531,
        0.455469,
        0.363281,
        0.471094,
        0.349219,
        0.488281,
        0.335156,
        0.508594,
        0.269531,
        0.535156,
        0.222656,
        0.549219,
        0.207031,
        0.583594,
        0.202344,
        0.644531,
        0.253906,
        0.686719,
        0.325781,
        0.708594,
        0.324219,
        0.725781,
        0.308594,
        0.738281,
        0.278906,
        0.746094,
        0.255469,
        0.764844,
        0.217969,
        0.805469,
        0.172656,
        0.853906,
        0.169531,
        0.852344,
        0.221094,
        0.850781,
        0.296094,
        0.838281,
        0.346094,
        0.846094,
        0.367969,
        0.883594,
        0.399219,
        0.908594,
        0.452344,
        0.907031,
        0.497656,
        0.924219,
        0.536719,
        0.928906,
        0.611719,
        0.892969,
        0.635156,
        0.830469,
        0.638281,
        0.786719,
        0.638281,
        0.758594,
        0.642969,
        0.699219,
        0.671094,
        0.716406,
        0.716406,
        0.724219,
        0.739844,
        0.728906,
        0.769531,
        0.728906,
        0.797656,
        0.747656,
        0.850781,
        0.755469,
        0.880469,
        0.758594,
        0.911719,
        0.752344,
        0.933594
      ]
    }
  ],
  "images\\train\\car_rotate-36.jpg": [
    {
      "class_id": 1,
      "polygon": [
        0.530743,
        1.0,
        0.496973,
        0.983908,
        0.463822,
        0.93455,
        0.42002,
        0.834573,
        0.401224,
        0.747083,
        0.390875,
        0.678651,
        0.381166,
        0.637094,
        0.356462,
        0.606794,
        0.363939,
        0.562103,
        0.376725,
        0.511471,
        0.379822,
        0.458344,
        0.3823,
        0.417406,
        0.386352,
        0.396778,
        0.391653,
        0.375213,
        0.368494,
        0.310538,
        0.361591,
        0.257104,
        0.363455,
        0.236165,
        0.38813,
        0.211777,
        0.46782,
        0.216423,
        0.544712,
        0.24857,
        0.561267,
        0.234187,
        0.56563,
        0.211372,
        0.557801,
        0.180126,
        0.549976,
        0.156692,
        0.542454,
        0.115446,
        0.547735,
        0.054819,
        0.584593,
        0.023237,
        0.614303,
        0.065409,
        0.658085,
        0.126323,
        0.67811,
        0.173813,
        0.697492,
        0.186615,
        0.746243,
        0.189089,
        0.798132,
        0.216562,
        0.824089,
        0.253736,
        0.861288,
        0.274654,
        0.910068,
        0.331816,
        0.895402,
        0.372136,
        0.847298,
        0.412161,
        0.812311,
        0.43843,
        0.792635,
        0.459065,
        0.76204,
        0.517206,
        0.802991,
        0.543122,
        0.823311,
        0.557174,
        0.844885,
        0.5781,
        0.861772,
        0.600591,
        0.908663,
        0.631817,
        0.932736,
        0.650866,
        0.953998,
        0.67398,
        0.962134,
        0.695226
      ]
    }
  ],
  "images\\train\\car_rotate36.jpg": [
    {
      "class_id": 1,
      "polygon": [
        0.008189,
        0.674898,
        0.034462,
        0.632099,
        0.072611,
        0.586494,
        0.156398,
        0.516538,
        0.23517,
        0.47408,
        0.297998,
        0.44505,
        0.335196,
        0.424132,
        0.3574,
        0.391956,
        0.402403,
        0.386667,
        0.454592,
        0.38482,
        0.506473,
        0.372972,
        0.546478,
        0.363931,
        0.567416,
        0.362067,
        0.589604,
        0.361141,
        0.64525,
        0.320858,
        0.694637,
        0.299321,
        0.715264,
        0.295269,
        0.745567,
        0.31216,
        0.763339,
        0.389982,
        0.753921,
        0.47279,
        0.772352,
        0.484674,
        0.795478,
        0.482499,
        0.823299,
        0.466264,
        0.843619,
        0.452212,
        0.881129,
        0.433481,
        0.940822,
        0.421638,
        0.981434,
        0.448222,
        0.949225,
        0.488517,
        0.902944,
        0.547555,
        0.862927,
        0.580034,
        0.85604,
        0.602218,
        0.867265,
        0.649724,
        0.85536,
        0.707218,
        0.826904,
        0.742516,
        0.817195,
        0.784073,
        0.775912,
        0.846864,
        0.733101,
        0.844029,
        0.681244,
        0.809002,
        0.646258,
        0.782733,
        0.620952,
        0.769595,
        0.556584,
        0.756436,
        0.543122,
        0.802991,
        0.535297,
        0.826425,
        0.521221,
        0.85298,
        0.504334,
        0.875471,
        0.487431,
        0.929212,
        0.475853,
        0.957644,
        0.459589,
        0.98451,
        0.441457,
        0.998251
      ]
    }
  ],
  "images\\val\\dog.jpg": [
    {
      "class_id": 1,
      "polygon": [
        0.305469,
        0.369531,
        0.280469,
        0.324219,
        0.319531,
        0.271094,
        0.357031,
        0.235156,
        0.385156,
        0.208594,
        0.386719,
        0.164844,
        0.424219,
        0.108594,
        0.461719,
        0.085156,
        0.508594,
        0.067969,
        0.588281,
        0.058594,
        0.630469,
        0.066406,
        0.739844,
        0.060156,
        0.782031,
        0.086719,
        0.832031,
        0.124219,
        0.877344,
        0.167969,
        0.917969,
        0.202344,
        0.936719,
        0.235156,
        0.944531,
        0.286719,
        0.960156,
        0.321094,
        0.991406,
        0.358594,
        1.0,
        0.413281,
        0.996094,
        0.450781,
        0.963281,
        0.507031,
        0.942969,
        0.538281,
        0.955469,
        0.583594,
        0.978906,
        0.613281,
        1.0,
        0.653906,
        1.0,
        0.672656,
        1.0,
        0.646094,
        1.0,
        0.594531,
        1.0,
        0.588281,
        1.0,
        0.608594,
        1.0,
        0.641406,
        1.0,
        0.672656,
        1.0,
        0.711719,
        1.0,
        0.735156,
        1.0,
        0.786719,
        1.0,
        0.824219,
        1.0,
        0.866406,
        1.0,
        0.913281,
        1.0,
        0.933594,
        0.466406,
        0.933594,
        0.472656,
        0.894531,
        0.450781,
        0.872656,
        0.435156,
        0.819531,
        0.432031,
        0.772656,
        0.417969,
        0.724219,
        0.389844,
        0.667969,
        0.367969,
        0.594531,
        0.369531,
        0.538281,
        0.374219,
        0.516406,
        0.361719,
        0.483594,
        0.352344,
        0.447656,
        0.325781,
        0.407031
      ]
    }
  ],
  "images\\val\\dog_rotate-36.jpg": [
    {
      "class_id": 1,
      "polygon": [
        0.2661,
        0.512467,
        0.218902,
        0.491241,
        0.218242,
        0.425304,
        0.226653,
        0.37405,
        0.233195,
        0.335921,
        0.208176,
        0.299997,
        0.204391,
        0.232499,
        0.220306,
        0.191241,
        0.247472,
        0.149351,
        0.305568,
        0.094008,
        0.343995,
        0.074926,
        0.427708,
        0.004257,
        0.477394,
        0.000168,
        0.539894,
        0.000135,
        0.602398,
        0.007915,
        0.655524,
        0.011012,
        0.69022,
        0.025994,
        0.727426,
        0.062537,
        0.760561,
        0.080644,
        0.808067,
        0.091869,
        0.849649,
        0.129035,
        0.867167,
        0.162776,
        0.874701,
        0.227459,
        0.87722,
        0.264646,
        0.914423,
        0.293376,
        0.95099,
        0.303044,
        0.999123,
        0.317706,
        1.0,
        0.327072,
        1.0,
        0.292696,
        1.0,
        0.236452,
        1.0,
        0.22301,
        1.0,
        0.229872,
        1.0,
        0.252359,
        1.0,
        0.278287,
        1.0,
        0.323598,
        1.0,
        0.360165,
        1.0,
        0.399523,
        1.0,
        0.432325,
        1.0,
        0.463247,
        1.0,
        0.502609,
        1.0,
        0.521667,
        0.733474,
        0.866909,
        0.715018,
        0.831918,
        0.684391,
        0.827559,
        0.639998,
        0.794458,
        0.609355,
        0.758849,
        0.569026,
        0.728558,
        0.512762,
        0.700462,
        0.451175,
        0.654869,
        0.418651,
        0.608949,
        0.409265,
        0.588641,
        0.379568,
        0.569907,
        0.350493,
        0.546797,
        0.30486,
        0.530259
      ]
    }
  ],
  "images\\val\\dog_rotate36.jpg": [
    {
      "class_id": 1,
      "polygon": [
        0.422772,
        0.278866,
        0.429987,
        0.227619,
        0.493122,
        0.20859,
        0.544688,
        0.202367,
        0.583127,
        0.198012,
        0.610645,
        0.163964,
        0.674407,
        0.141498,
        0.718468,
        0.145271,
        0.766273,
        0.159671,
        0.835626,
        0.20002,
        0.864672,
        0.231598,
        0.95589,
        0.292271,
        0.973678,
        0.338843,
        0.991147,
        0.398852,
        1.0,
        0.461045,
        1.0,
        0.512926,
        1.0,
        0.550423,
        0.983543,
        0.596348,
        0.975399,
        0.633219,
        0.977873,
        0.68197,
        0.953784,
        0.73227,
        0.92627,
        0.758505,
        0.866257,
        0.783786,
        0.83125,
        0.79658,
        0.81404,
        0.840321,
        0.814958,
        0.878134,
        0.814306,
        0.928446,
        0.810545,
        0.949069,
        0.843987,
        0.940962,
        0.894938,
        0.914739,
        0.909937,
        0.918184,
        0.910236,
        0.943809,
        0.895532,
        0.973802,
        0.87552,
        0.997854,
        0.833323,
        1.0,
        0.79551,
        1.0,
        0.76705,
        1.0,
        0.740786,
        1.0,
        0.719204,
        1.0,
        0.68856,
        1.0,
        0.672616,
        1.0,
        0.212797,
        0.826568,
        0.241249,
        0.799083,
        0.23689,
        0.768456,
        0.256292,
        0.716591,
        0.281938,
        0.677229,
        0.299775,
        0.630051,
        0.311058,
        0.568182,
        0.337658,
        0.496321,
        0.372681,
        0.452277,
        0.389564,
        0.437598,
        0.399269,
        0.403853,
        0.41335,
        0.369486,
        0.4165,
        0.32105
      ]
    }
  ],
  "images\\test\\cat.jpg": [
    {
      "class_id": 0,
      "polygon": [
        0.310156,
        0.882031,
        0.288281,
        0.846094,
        0.275781,
        0.769531,
        0.219531,
        0.742969,
        0.167969,
        0.736719,
        0.258594,
        0.636719,
        0.335156,
        0.538281,
        0.360156,
        0.469531,
        0.386719,
        0.380469,
        0.397656,
        0.333594,
        0.402344,
        0.285156,
        0.400781,
        0.235156,
        0.389844,
        0.174219,
        0.382031,
        0.094531,
        0.392969,
        0.063281,
        0.425781,
        0.086719,
        0.486719,
        0.121094,
        0.535156,
        0.169531,
        0.574219,
        0.177344,
        0.641406,
        0.177344,
        0.705469,
        0.174219,
        0.753906,
        0.157031,
        0.808594,
        0.100781,
        0.877344,
        0.092969,
        0.875781,
        0.135156,
        0.853906,
        0.189844,
        0.839844,
        0.255469,
        0.833594,
        0.314844,
        0.836719,
        0.361719,
        0.833594,
        0.417969,
        0.825781,
        0.488281,
        0.853906,
        0.508594,
        0.896094,
        0.522656,
        0.933594,
        0.557031,
        0.978906,
        0.580469,
        0.961719,
        0.617969,
        0.903906,
        0.585156,
        0.864844,
        0.552344,
        0.850781,
        0.549219,
        0.900781,
        0.591406,
        0.924219,
        0.622656,
        0.927344,
        0.655469,
        0.896094,
        0.663281,
        0.880469,
        0.628906,
        0.860156,
        0.610156,
        0.835156,
        0.586719,
        0.827344,
        0.580469,
        0.835156,
        0.622656,
        0.860156,
        0.639844,
        0.914844,
        0.652344,
        0.953906,
        0.644531,
        0.991406,
        0.649219,
        1.0,
        0.672656,
        1.0,
        0.722656,
        1.0,
        0.741406,
        1.0,
        0.757031,
        1.0,
        0.755469,
        1.0,
        0.757031,
        0.957031,
        0.758594,
        0.939844,
        0.758594,
        0.938281,
        0.791406,
        0.928906,
        0.830469,
        0.896094,
        0.855469,
        0.846094,
        0.872656,
        0.800781,
        0.853906,
        0.780469,
        0.816406,
        0.767969,
        0.785156,
        0.761719,
        0.763281,
        0.700781,
        0.760156,
        0.591406,
        0.767969,
        0.482031,
        0.763281,
        0.452344,
        0.763281,
        0.460156,
        0.810156,
        0.452344,
        0.857031,
        0.414844,
        0.882031,
        0.366406,
        0.911719,
        0.333594,
        0.903906
      ]
    }
  ],
  "images\\test\\cat_rotate-36.jpg": [
    {
      "class_id": 0,
      "polygon": [
        0.577564,
        0.919491,
        0.538493,
        0.903886,
        0.482528,
        0.850165,
        0.421597,
        0.862697,
        0.37661,
        0.888659,
        0.38904,
        0.754277,
        0.391162,
        0.629588,
        0.369875,
        0.5596,
        0.337642,
        0.472429,
        0.318244,
        0.428377,
        0.292909,
        0.386828,
        0.261639,
        0.347781,
        0.216304,
        0.305618,
        0.162211,
        0.246584,
        0.152194,
        0.215026,
        0.192506,
        0.214068,
        0.261876,
        0.204969,
        0.329694,
        0.214621,
        0.365622,
        0.197414,
        0.419351,
        0.157074,
        0.468705,
        0.11611,
        0.49712,
        0.073283,
        0.507079,
        0.0,
        0.557366,
        0.0,
        0.581447,
        0.0,
        0.596789,
        0.03948,
        0.624946,
        0.100403,
        0.655598,
        0.151637,
        0.686242,
        0.187246,
        0.717517,
        0.234104,
        0.753486,
        0.295023,
        0.788173,
        0.29438,
        0.830353,
        0.280295,
        0.880981,
        0.285269,
        0.931289,
        0.276805,
        0.94006,
        0.317113,
        0.874127,
        0.325585,
        0.823188,
        0.322799,
        0.810066,
        0.328743,
        0.875381,
        0.332459,
        0.912887,
        0.343377,
        0.935087,
        0.36774,
        0.914787,
        0.392751,
        0.881653,
        0.374643,
        0.854151,
        0.371845,
        0.820087,
        0.368113,
        0.810087,
        0.367806,
        0.841665,
        0.396852,
        0.871976,
        0.395586,
        0.923214,
        0.372746,
        0.949761,
        0.343045,
        0.982564,
        0.324278,
        1.0,
        0.312061,
        1.0,
        0.272302,
        1.0,
        0.279791,
        1.0,
        0.297915,
        1.0,
        0.339821,
        1.0,
        0.375782,
        1.0,
        0.432383,
        1.0,
        0.442702,
        1.0,
        0.46988,
        1.0,
        0.506747,
        1.0,
        0.54644,
        1.0,
        0.590206,
        0.953023,
        0.602418,
        0.914263,
        0.584626,
        0.885504,
        0.567141,
        0.867372,
        0.553401,
        0.816765,
        0.58749,
        0.73399,
        0.659408,
        0.64371,
        0.721331,
        0.619969,
        0.739156,
        0.654362,
        0.77195,
        0.676259,
        0.814126,
        0.661281,
        0.856634,
        0.640371,
        0.909458,
        0.609441,
        0.922911
      ]
    }
  ],
  "images\\test\\cat_rotate36.jpg": [
    {
      "class_id": 0,
      "polygon": [
        0.118806,
        0.691519,
        0.12289,
        0.649646,
        0.158864,
        0.580915,
        0.12983,
        0.525899,
        0.092349,
        0.489942,
        0.224862,
        0.464387,
        0.345192,
        0.431637,
        0.406463,
        0.39167,
        0.48118,
        0.336396,
        0.518071,
        0.305478,
        0.550902,
        0.269558,
        0.579674,
        0.228636,
        0.607515,
        0.173338,
        0.649114,
        0.104922,
        0.676624,
        0.086499,
        0.688791,
        0.124943,
        0.716882,
        0.18902,
        0.726534,
        0.256838,
        0.753081,
        0.286539,
        0.80681,
        0.32688,
        0.859916,
        0.362845,
        0.90897,
        0.378184,
        0.986477,
        0.366037,
        1.0,
        0.401068,
        1.0,
        0.433867,
        0.969237,
        0.464465,
        0.918589,
        0.508501,
        0.877941,
        0.55223,
        0.852296,
        0.591591,
        0.816023,
        0.634697,
        0.767558,
        0.686234,
        0.777854,
        0.719365,
        0.803147,
        0.755941,
        0.812496,
        0.805945,
        0.834659,
        0.851895,
        0.798399,
        0.871563,
        0.771868,
        0.810612,
        0.760332,
        0.760918,
        0.750962,
        0.749976,
        0.765616,
        0.813733,
        0.765596,
        0.852796,
        0.748394,
        0.880912,
        0.718713,
        0.868396,
        0.726857,
        0.831525,
        0.721871,
        0.804335,
        0.715952,
        0.770582,
        0.713457,
        0.760893,
        0.694374,
        0.799321,
        0.704046,
        0.828076,
        0.740274,
        0.870908,
        0.776202,
        0.888114,
        0.803376,
        0.914378,
        0.830537,
        0.96408,
        0.906725,
        1.0,
        0.905463,
        1.0,
        0.888584,
        1.0,
        0.832045,
        1.0,
        0.784875,
        1.0,
        0.710216,
        0.981204,
        0.696471,
        0.970885,
        0.675521,
        0.996186,
        0.64457,
        1.0,
        0.603319,
        1.0,
        0.553016,
        1.0,
        0.528038,
        0.963609,
        0.53431,
        0.921424,
        0.543077,
        0.888929,
        0.551213,
        0.867683,
        0.504359,
        0.828596,
        0.412202,
        0.769173,
        0.327551,
        0.699753,
        0.303811,
        0.681928,
        0.281913,
        0.724104,
        0.247521,
        0.756899,
        0.202523,
        0.754375,
        0.145963,
        0.749033,
        0.124414,
        0.723084
      ]
    }
  ]
}