{
  "images\\train\\car.jpg": [
    {
      "class_id": 1,
      "polygon": [
        0.211719,
        0.935156,
        0.207031,
        0.885156,
        0.210156,
        0.825781,
        0.235156,
        0.719531,
        0.272656,
        0.638281,
        0.305469,
        0.577344,
        0.322656,
        0.538281,
        0.321094,
        0.499219,
        0.353906,
        0.467969,
        0.394531,
        0.435156,
        0.428906,
        0.394531,
        0.455469,
        0.363281,
        0.471094,
        0.349219,
        0.488281,
        0.335156,
        0.508594,
        0.269531,
        0.535156,
        0.222656,
        0.549219,
        0.207031,
        0.583594,
        0.202344,
        0.644531,
        0.253906,
        0.686719,
        0.325781,
        0.708594,
        0.324219,
        0.725781,
        0.308594,
        0.738281,
        0.278906,
        0.746094,
        0.255469,
        0.764844,
        0.217969,
        0.805469,
        0.172656,
        0.853906,
        0.169531,
        0.852344,
        0.221094,
        0.850781,
        0.296094,
        0.838281,
        0.346094,
        0.846094,
        0.367969,
        0.883594,
        0.399219,
        0.908594,
        0.452344,
        0.907031,
        0.497656,
        0.924219,
        0.536719,
        0.928906,
        0.611719,
        0.892969,
        0.635156,
        0.830469,
        0.638281,
        0.786719,
        0.638281,
        0.758594,
        0.642969,
        0.699219,
        0.671094,
        0.716406,
        0.716406,
        0.724219,
        0.739844,
        0.728906,
        0.769531,
        0.728906,
        0.797656,
        0.747656,
        0.850781,
        0.755469,
        0.880469,
        0.758594,
        0.911719,
        0.752344,
        0.933594
      ]
    }
  ],
  "images\\train\\car_rotate-22.jpg": [
    {
      "class_id": 1,
      "polygon": [
        0.399296,
        1.0,
        0.375909,
        0.967736,
        0.356172,
        0.911651,
        0.338797,
        0.803891,
        0.342505,
        0.714481,
        0.34962,
        0.645638,
        0.350625,
        0.602973,
        0.334295,
        0.567454,
        0.352723,
        0.526058,
        0.377779,
        0.48024,
        0.39408,
        0.429581,
        0.406729,
        0.390567,
        0.415817,
        0.371611,
        0.426348,
        0.35206,
        0.420121,
        0.283646,
        0.426816,
        0.230186,
        0.433863,
        0.210381,
        0.463858,
        0.192948,
        0.539847,
        0.217398,
        0.60624,
        0.267774,
        0.625869,
        0.257993,
        0.635806,
        0.236998,
        0.63605,
        0.204787,
        0.634341,
        0.180141,
        0.637386,
        0.138325,
        0.657679,
        0.080951,
        0.701271,
        0.059603,
        0.719475,
        0.107871,
        0.746611,
        0.177807,
        0.754107,
        0.228798,
        0.769666,
        0.246045,
        0.816245,
        0.260647,
        0.859603,
        0.300237,
        0.875426,
        0.342726,
        0.906202,
        0.372291,
        0.939116,
        0.439846,
        0.914822,
        0.475209,
        0.858228,
        0.501916,
        0.81778,
        0.518587,
        0.793563,
        0.533639,
        0.749386,
        0.582268,
        0.782544,
        0.617612,
        0.798698,
        0.636303,
        0.814345,
        0.661965,
        0.825062,
        0.687968,
        0.862642,
        0.729939,
        0.881178,
        0.754409,
        0.895976,
        0.782111,
        0.898533,
        0.804717
      ]
    }
  ],
  "images\\train\\car_rotate22.jpg": [
    {
      "class_id": 1,
      "polygon": [
        0.067646,
        0.792467,
        0.082365,
        0.744453,
        0.107881,
        0.690749,
        0.171483,
        0.602043,
        0.237115,
        0.541213,
        0.290673,
        0.497378,
        0.32145,
        0.467812,
        0.334891,
        0.431102,
        0.377136,
        0.414714,
        0.427199,
        0.399858,
        0.474462,
        0.375398,
        0.510928,
        0.356628,
        0.530733,
        0.34958,
        0.551983,
        0.343129,
        0.59577,
        0.290196,
        0.638191,
        0.25698,
        0.657147,
        0.247893,
        0.690714,
        0.256658,
        0.727405,
        0.327552,
        0.73902,
        0.41008,
        0.75984,
        0.416971,
        0.781684,
        0.409075,
        0.804554,
        0.386391,
        0.820709,
        0.367699,
        0.852334,
        0.340173,
        0.907161,
        0.313761,
        0.953134,
        0.32933,
        0.932041,
        0.376406,
        0.902016,
        0.445152,
        0.871406,
        0.486616,
        0.870293,
        0.509817,
        0.893055,
        0.552999,
        0.895924,
        0.611643,
        0.877212,
        0.652941,
        0.878217,
        0.695605,
        0.853971,
        0.766733,
        0.811814,
        0.774707,
        0.752839,
        0.753779,
        0.71239,
        0.737107,
        0.684601,
        0.730724,
        0.618988,
        0.7341,
        0.617612,
        0.782544,
        0.615903,
        0.80719,
        0.608924,
        0.836423,
        0.598206,
        0.862426,
        0.595297,
        0.918688,
        0.591207,
        0.949112,
        0.582188,
        0.979195,
        0.568074,
        0.997038
      ]
    }
  ],
  "images\\val\\dog.jpg": [
    {
      "class_id": 1,
      "polygon": [
        0.305469,
        0.369531,
        0.280469,
        0.324219,
        0.319531,
        0.271094,
        0.357031,
        0.235156,
        0.385156,
        0.208594,
        0.386719,
        0.164844,
        0.424219,
        0.108594,
        0.461719,
        0.085156,
        0.508594,
        0.067969,
        0.588281,
        0.058594,
        0.630469,
        0.066406,
        0.739844,
        0.060156,
        0.782031,
        0.086719,
        0.832031,
        0.124219,
        0.877344,
        0.167969,
        0.917969,
        0.202344,
        0.936719,
        0.235156,
        0.944531,
        0.286719,
        0.960156,
        0.321094,
        0.991406,
        0.358594,
        1.0,
        0.413281,
        0.996094,
        0.450781,
        0.963281,
        0.507031,
        0.942969,
        0.538281,
        0.955469,
        0.583594,
        0.978906,
        0.613281,
        1.0,
        0.653906,
        1.0,
        0.672656,
        1.0,
        0.646094,
        1.0,
        0.594531,
        1.0,
        0.588281,
        1.0,
        0.608594,
        1.0,
        0.641406,
        1.0,
        0.672656,
        1.0,
        0.711719,
        1.0,
        0.735156,
        1.0,
        0.786719,
        1.0,
        0.824219,
        1.0,
        0.866406,
        1.0,
        0.913281,
        1.0,
        0.933594,
        0.466406,
        0.933594,
        0.472656,
        0.894531,
        0.450781,
        0.872656,
        0.435156,
        0.819531,
        0.432031,
        0.772656,
        0.417969,
        0.724219,
        0.389844,
        0.667969,
        0.367969,
        0.594531,
        0.369531,
        0.538281,
        0.374219,
        0.516406,
        0.361719,
        0.483594,
        0.352344,
        0.447656,
        0.325781,
        0.407031
      ]
    }
  ],
  "images\\val\\dog_rotate-22.jpg": [
    {
      "class_id": 1,
      "polygon": [
        0.270429,
        0.453506,
        0.230048,
        0.421139,
        0.245919,
        0.357137,
        0.266895,
        0.309621,
        0.282775,
        0.274345,
        0.267548,
        0.233301,
        0.280783,
        0.167005,
        0.306523,
        0.131046,
        0.343311,
        0.097292,
        0.413413,
        0.058258,
        0.455395,
        0.049405,
        0.554135,
        0.001947,
        0.603262,
        0.010429,
        0.663779,
        0.026046,
        0.722344,
        0.049227,
        0.773003,
        0.065528,
        0.802842,
        0.088719,
        0.829714,
        0.133414,
        0.85726,
        0.159241,
        0.900442,
        0.182003,
        0.931394,
        0.228396,
        0.939906,
        0.265448,
        0.931004,
        0.329958,
        0.924133,
        0.366591,
        0.952957,
        0.403721,
        0.985939,
        0.422237,
        1.0,
        0.448483,
        1.0,
        0.462246,
        1.0,
        0.429352,
        1.0,
        0.372153,
        1.0,
        0.361016,
        1.0,
        0.373842,
        1.0,
        0.401797,
        1.0,
        0.431284,
        1.0,
        0.476331,
        1.0,
        0.509313,
        1.0,
        0.555794,
        1.0,
        0.59225,
        1.0,
        0.629468,
        1.0,
        0.673997,
        1.0,
        0.694563,
        0.634171,
        0.913679,
        0.625064,
        0.875182,
        0.596503,
        0.863294,
        0.561813,
        0.820131,
        0.541061,
        0.777984,
        0.509601,
        0.73856,
        0.462163,
        0.697272,
        0.413954,
        0.637712,
        0.393963,
        0.585111,
        0.389961,
        0.5631,
        0.365901,
        0.537527,
        0.343538,
        0.507873,
        0.303499,
        0.480436
      ]
    }
  ],
  "images\\val\\dog_rotate22.jpg": [
    {
      "class_id": 1,
      "polygon": [
        0.369865,
        0.305246,
        0.364018,
        0.253825,
        0.420378,
        0.219594,
        0.468743,
        0.200659,
        0.504868,
        0.186818,
        0.522984,
        0.146964,
        0.57909,
        0.109249,
        0.622692,
        0.10187,
        0.67258,
        0.103842,
        0.749827,
        0.125541,
        0.785854,
        0.14884,
        0.889358,
        0.184742,
        0.91824,
        0.225376,
        0.950177,
        0.2791,
        0.975399,
        0.336816,
        0.999859,
        0.384079,
        1.0,
        0.42156,
        0.992265,
        0.472209,
        0.993612,
        0.509945,
        1.0,
        0.556524,
        0.997486,
        0.611253,
        0.977417,
        0.643542,
        0.925645,
        0.683043,
        0.894957,
        0.704195,
        0.889247,
        0.750852,
        0.899603,
        0.787231,
        0.911569,
        0.836103,
        0.913092,
        0.857011,
        0.943438,
        0.840789,
        0.986201,
        0.802644,
        1.0,
        0.802224,
        1.0,
        0.826958,
        1.0,
        0.859677,
        0.988211,
        0.887973,
        0.951657,
        0.915157,
        0.915278,
        0.925513,
        0.898518,
        0.974376,
        0.879894,
        1.0,
        0.868151,
        1.0,
        0.8474,
        1.0,
        0.835325,
        1.0,
        0.303711,
        0.888076,
        0.324375,
        0.854342,
        0.312487,
        0.825782,
        0.318285,
        0.770711,
        0.333259,
        0.726182,
        0.338715,
        0.676041,
        0.334148,
        0.613318,
        0.341908,
        0.537085,
        0.364788,
        0.485675,
        0.377458,
        0.467237,
        0.378405,
        0.432137,
        0.383432,
        0.395338,
        0.374354,
        0.347657
      ]
    }
  ],
  "images\\test\\cat.jpg": [
    {
      "class_id": 0,
      "polygon": [
        0.310156,
        0.882031,
        0.288281,
        0.846094,
        0.275781,
        0.769531,
        0.219531,
        0.742969,
        0.167969,
        0.736719,
        0.258594,
        0.636719,
        0.335156,
        0.538281,
        0.360156,
        0.469531,
        0.386719,
        0.380469,
        0.397656,
        0.333594,
        0.402344,
        0.285156,
        0.400781,
        0.235156,
        0.389844,
        0.174219,
        0.382031,
        0.094531,
        0.392969,
        0.063281,
        0.425781,
        0.086719,
        0.486719,
        0.121094,
        0.535156,
        0.169531,
        0.574219,
        0.177344,
        0.641406,
        0.177344,
        0.705469,
        0.174219,
        0.753906,
        0.157031,
        0.808594,
        0.100781,
        0.877344,
        0.092969,
        0.875781,
        0.135156,
        0.853906,
        0.189844,
        0.839844,
        0.255469,
        0.833594,
        0.314844,
        0.836719,
        0.361719,
        0.833594,
        0.417969,
        0.825781,
        0.488281,
        0.853906,
        0.508594,
        0.896094,
        0.522656,
        0.933594,
        0.557031,
        0.978906,
        0.580469,
        0.961719,
        0.617969,
        0.903906,
        0.585156,
        0.864844,
        0.552344,
        0.850781,
        0.549219,
        0.900781,
        0.591406,
        0.924219,
        0.622656,
        0.927344,
        0.655469,
        0.896094,
        0.663281,
        0.880469,
        0.628906,
        0.860156,
        0.610156,
        0.835156,
        0.586719,
        0.827344,
        0.580469,
        0.835156,
        0.622656,
        0.860156,
        0.639844,
        0.914844,
        0.652344,
        0.953906,
        0.644531,
        0.991406,
        0.649219,
        1.0,
        0.672656,
        1.0,
        0.722656,
        1.0,
        0.741406,
        1.0,
        0.757031,
        1.0,
        0.755469,
        1.0,
        0.757031,
        0.957031,
        0.758594,
        0.939844,
        0.758594,
        0.938281,
        0.791406,
        0.928906,
        0.830469,
        0.896094,
        0.855469,
        0.846094,
        0.872656,
        0.800781,
        0.853906,
        0.780469,
        0.816406,
        0.767969,
        0.785156,
        0.761719,
        0.763281,
        0.700781,
        0.760156,
        0.591406,
        0.767969,
        0.482031,
        0.763281,
        0.452344,
        0.763281,
        0.460156,
        0.810156,
        0.452344,
        0.857031,
        0.414844,
        0.882031,
        0.366406,
        0.911719,
        0.333594,
        0.903906
      ]
    }
  ],
  "images\\test\\cat_rotate-22.jpg": [
    {
      "class_id": 0,
      "polygon": [
        0.470062,
        0.925549,
        0.436142,
        0.900659,
        0.39541,
        0.834637,
        0.333282,
        0.831514,
        0.283228,
        0.845385,
        0.328908,
        0.718396,
        0.362182,
        0.59821,
        0.359097,
        0.525121,
        0.349716,
        0.432656,
        0.341966,
        0.38515,
        0.327842,
        0.338581,
        0.307344,
        0.292949,
        0.27401,
        0.240778,
        0.23642,
        0.17008,
        0.234624,
        0.13702,
        0.273892,
        0.146185,
        0.343331,
        0.154745,
        0.406572,
        0.181069,
        0.445664,
        0.173407,
        0.507782,
        0.147804,
        0.56582,
        0.120502,
        0.604053,
        0.086153,
        0.633179,
        0.013308,
        0.693764,
        0.0,
        0.708396,
        0.019486,
        0.709011,
        0.078383,
        0.721018,
        0.144415,
        0.737865,
        0.201692,
        0.758617,
        0.243839,
        0.777163,
        0.297036,
        0.796734,
        0.36502,
        0.830477,
        0.373082,
        0.874841,
        0.370007,
        0.92261,
        0.387498,
        0.973435,
        0.3919,
        0.971835,
        0.43312,
        0.90588,
        0.424814,
        0.857261,
        0.409363,
        0.843069,
        0.411833,
        0.905373,
        0.431783,
        0.93895,
        0.451744,
        0.954344,
        0.48089,
        0.928429,
        0.500021,
        0.900883,
        0.474194,
        0.874958,
        0.4646,
        0.842913,
        0.452457,
        0.833309,
        0.449656,
        0.856608,
        0.485683,
        0.886271,
        0.492047,
        0.941596,
        0.482764,
        0.974734,
        0.460656,
        1.0,
        0.450699,
        1.0,
        0.452719,
        1.0,
        0.448336,
        1.0,
        0.460908,
        1.0,
        0.478926,
        1.0,
        0.504871,
        1.0,
        0.528346,
        1.0,
        0.564921,
        1.0,
        0.57147,
        1.0,
        0.602402,
        1.0,
        0.64209,
        1.0,
        0.677708,
        0.961988,
        0.712652,
        0.912949,
        0.712584,
        0.879879,
        0.685654,
        0.856414,
        0.661525,
        0.8423,
        0.643682,
        0.784769,
        0.664015,
        0.686624,
        0.712917,
        0.583716,
        0.750263,
        0.556268,
        0.761576,
        0.581354,
        0.801937,
        0.591994,
        0.848252,
        0.56685,
        0.885656,
        0.53338,
        0.931562,
        0.500066,
        0.936842
      ]
    }
  ],
  "images\\test\\cat_rotate22.jpg": [
    {
      "class_id": 0,
      "polygon": [
        0.1789,
        0.780862,
        0.17237,
        0.7393,
        0.189989,
        0.663751,
        0.148106,
        0.617757,
        0.102815,
        0.59233,
        0.224709,
        0.53441,
        0.333007,
        0.472576,
        0.382319,
        0.41854,
        0.440816,
        0.34632,
        0.468791,
        0.30715,
        0.491583,
        0.264153,
        0.509192,
        0.21733,
        0.522301,
        0.156823,
        0.545445,
        0.080171,
        0.567465,
        0.055447,
        0.588871,
        0.08962,
        0.632111,
        0.144623,
        0.658435,
        0.207863,
        0.691573,
        0.229972,
        0.753691,
        0.255575,
        0.814111,
        0.277098,
        0.865443,
        0.279666,
        0.93744,
        0.2485,
        1.0,
        0.267475,
        0.986458,
        0.305884,
        0.945394,
        0.348109,
        0.907385,
        0.403424,
        0.87898,
        0.455937,
        0.864007,
        0.500466,
        0.839682,
        0.551281,
        0.805665,
        0.613311,
        0.823928,
        0.642809,
        0.857573,
        0.671886,
        0.879144,
        0.717958,
        0.912107,
        0.756894,
        0.881926,
        0.785015,
        0.840979,
        0.732648,
        0.817368,
        0.687425,
        0.805558,
        0.679177,
        0.835709,
        0.737235,
        0.845469,
        0.775059,
        0.835854,
        0.806586,
        0.803985,
        0.801901,
        0.802639,
        0.764165,
        0.791004,
        0.739089,
        0.776821,
        0.707894,
        0.77198,
        0.699138,
        0.763127,
        0.741119,
        0.779691,
        0.766537,
        0.825488,
        0.798933,
        0.864581,
        0.806596,
        0.897465,
        0.82522,
        0.936205,
        0.866538,
        1.0,
        0.963376,
        1.0,
        0.985475,
        1.0,
        0.996348,
        0.963877,
        0.967514,
        0.909831,
        0.946928,
        0.824004,
        0.913243,
        0.808113,
        0.906693,
        0.794165,
        0.936434,
        0.770612,
        0.968977,
        0.730748,
        0.979587,
        0.677971,
        0.976424,
        0.643223,
        0.941821,
        0.638733,
        0.89941,
        0.639085,
        0.865755,
        0.641642,
        0.843149,
        0.586494,
        0.817038,
        0.482394,
        0.782582,
        0.383058,
        0.736568,
        0.355611,
        0.725255,
        0.344971,
        0.77157,
        0.319886,
        0.811931,
        0.275688,
        0.820755,
        0.219593,
        0.829744,
        0.192233,
        0.810017
      ]
    }
  ]
}