{
  "images\\train\\car_3.jpg": [
    {
      "class_id": 6,
      "bbox": [
        0.299333,
        0.199687,
        0.42,
        0.226
      ]
    }
  ],
  "images\\train\\car_3_flip_vertical.jpg": [],
  "images\\train\\car_5.jpg": [
    {
      "class_id": 5,
      "bbox": [
        0.280333,
        0.172778,
        0.384889,
        0.186667
      ]
    }
  ],
  "images\\train\\car_5_flip_vertical.jpg": [],
  "images\\train\\cat.jpg": [
    {
      "class_id": 1,
      "bbox": [
        0.868,
        0.624,
        1.0,
        1.0
      ]
    },
    {
      "class_id": 2,
      "bbox": [
        0.69,
        0.459,
        0.11,
        0.1
      ]
    },
    {
      "class_id": 2,
      "bbox": [
        0.913,
        0.453,
        0.108,
        0.1
      ]
    }
  ],
  "images\\train\\cat_flip_vertical.jpg": [],
  "images\\val\\car.jpg": [
    {
      "class_id": 3,
      "bbox": [
        0.727,
        0.707,
        0.924,
        0.98
      ]
    },
    {
      "class_id": 4,
      "bbox": [
        0.957,
        0.613,
        0.096,
        0.072
      ]
    }
  ],
  "images\\val\\car_1.jpg": [
    {
      "class_id": 5,
      "bbox": [
        0.312333,
        0.207687,
        0.198,
        0.146
      ]
    }
  ],
  "images\\val\\car_1_flip_vertical.jpg": [],
  "images\\val\\car_flip_vertical.jpg": [],
  "images\\test\\car_2.jpg": [
    {
      "class_id": 0,
      "bbox": [
        0.288333,
        0.195687,
        0.446,
        0.206
      ]
    }
  ],
  "images\\test\\car_2_flip_vertical.jpg": [],
  "images\\test\\car_4.jpg": [
    {
      "class_id": 7,
      "bbox": [
        0.281222,
        0.207889,
        0.361778,
        0.141333
      ]
    }
  ],
  "images\\test\\car_4_flip_vertical.jpg": [],
  "images\\test\\dog.jpg": [
    {
      "class_id": 3,
      "bbox": [
        0.884,
        0.635,
        1.0,
        1.0
      ]
    }
  ],
  "images\\test\\dog_flip_vertical.jpg": []
}