{
  "images\\train\\car_3.jpg": [
    {
      "class_id": 6,
      "bbox": [
        0.233854,
        0.278893,
        0.328125,
        0.315642
      ]
    }
  ],
  "images\\train\\car_3_crop66.jpg": [],
  "images\\train\\car_3_flip_horizontal.jpg": [],
  "images\\train\\car_3_flip_horizontal_crop66.jpg": [],
  "images\\train\\car_5.jpg": [
    {
      "class_id": 5,
      "bbox": [
        0.21901,
        0.203268,
        0.300694,
        0.219608
      ]
    }
  ],
  "images\\train\\car_5_crop66.jpg": [],
  "images\\train\\car_5_flip_horizontal.jpg": [],
  "images\\train\\car_5_flip_horizontal_crop66.jpg": [],
  "images\\train\\cat.jpg": [
    {
      "class_id": 1,
      "bbox": [
        0.678125,
        0.65,
        1.0,
        1.0
      ]
    },
    {
      "class_id": 2,
      "bbox": [
        0.539062,
        0.478125,
        0.085938,
        0.104167
      ]
    },
    {
      "class_id": 2,
      "bbox": [
        0.713281,
        0.471875,
        0.084375,
        0.104167
      ]
    }
  ],
  "images\\train\\cat_crop66.jpg": [],
  "images\\train\\cat_flip_horizontal.jpg": [],
  "images\\train\\cat_flip_horizontal_crop66.jpg": [],
  "images\\val\\car.jpg": [
    {
      "class_id": 3,
      "bbox": [
        0.567969,
        0.736458,
        0.721875,
        1.0
      ]
    },
    {
      "class_id": 4,
      "bbox": [
        0.747656,
        0.638542,
        0.075,
        0.075
      ]
    }
  ],
  "images\\val\\car_1.jpg": [
    {
      "class_id": 5,
      "bbox": [
        0.24401,
        0.290066,
        0.154688,
        0.203911
      ]
    }
  ],
  "images\\val\\car_1_crop66.jpg": [],
  "images\\val\\car_1_flip_horizontal.jpg": [],
  "images\\val\\car_1_flip_horizontal_crop66.jpg": [],
  "images\\val\\car_crop66.jpg": [],
  "images\\val\\car_flip_horizontal.jpg": [],
  "images\\val\\car_flip_horizontal_crop66.jpg": [],
  "images\\test\\car_2.jpg": [
    {
      "class_id": 0,
      "bbox": [
        0.22526,
        0.273307,
        0.348438,
        0.287709
      ]
    }
  ],
  "images\\test\\car_2_crop66.jpg": [],
  "images\\test\\car_2_flip_horizontal.jpg": [],
  "images\\test\\car_2_flip_horizontal_crop66.jpg": [],
  "images\\test\\car_4.jpg": [
    {
      "class_id": 7,
      "bbox": [
        0.219705,
        0.244575,
        0.282639,
        0.166275
      ]
    }
  ],
  "images\\test\\car_4_crop66.jpg": [],
  "images\\test\\car_4_flip_horizontal.jpg": [],
  "images\\test\\car_4_flip_horizontal_crop66.jpg": [],
  "images\\test\\dog.jpg": [
    {
      "class_id": 3,
      "bbox": [
        0.690625,
        0.661458,
        0.820312,
        1.0
      ]
    }
  ],
  "images\\test\\dog_crop66.jpg": [],
  "images\\test\\dog_flip_horizontal.jpg": [],
  "images\\test\\dog_flip_horizontal_crop66.jpg": []
}