{
  "images\\train\\cat.jpg": [
    {
      "class_id": 0,
      "polygon": [
        0.260625,
        0.959167,
        0.234375,
        0.929167,
        0.225625,
        0.844167,
        0.200625,
        0.8075,
        0.136875,
        0.8075,
        0.149375,
        0.7375,
        0.248125,
        0.575833,
        0.285625,
        0.509167,
        0.313125,
        0.360833,
        0.306875,
        0.280833,
        0.295625,
        0.110833,
        0.330625,
        0.040833,
        0.378125,
        0.1025,
        0.420625,
        0.170833,
        0.481875,
        0.179167,
        0.535625,
        0.179167,
        0.581875,
        0.174167,
        0.643125,
        0.134167,
        0.673125,
        0.1025,
        0.700625,
        0.095833,
        0.689375,
        0.175833,
        0.669375,
        0.275833,
        0.665625,
        0.334167,
        0.675625,
        0.410833,
        0.669375,
        0.505833,
        0.663125,
        0.5725,
        0.703125,
        0.650833,
        0.740625,
        0.709167,
        0.765625,
        0.7975,
        0.746875,
        0.890833,
        0.698125,
        0.9325,
        0.631875,
        0.885833,
        0.595625,
        0.820833,
        0.568125,
        0.804167,
        0.423125,
        0.814167,
        0.359375,
        0.819167,
        0.361875,
        0.915833,
        0.296875,
        0.965833
      ]
    }
  ],
  "images\\train\\cat_crop70.jpg": [
    {
      "class_id": 12,
      "polygon": [
        0.350893,
        1.0,
        0.313393,
        0.965476,
        0.300893,
        0.844048,
        0.265179,
        0.791667,
        0.174107,
        0.791667,
        0.191964,
        0.691667,
        0.333036,
        0.460714,
        0.386607,
        0.365476,
        0.425893,
        0.153571,
        0.416964,
        0.039286,
        0.400893,
        0.0,
        0.450893,
        0.0,
        0.51875,
        0.0,
        0.579464,
        0.0,
        0.666964,
        0.0,
        0.74375,
        0.0,
        0.809821,
        0.0,
        0.897321,
        0.0,
        0.940179,
        0.0,
        0.979464,
        0.0,
        0.963393,
        0.0,
        0.934821,
        0.032143,
        0.929464,
        0.115476,
        0.94375,
        0.225,
        0.934821,
        0.360714,
        0.925893,
        0.455952,
        0.983036,
        0.567857,
        1.0,
        0.65119,
        1.0,
        0.777381,
        1.0,
        0.910714,
        0.975893,
        0.970238,
        0.88125,
        0.903571,
        0.829464,
        0.810714,
        0.790179,
        0.786905,
        0.583036,
        0.80119,
        0.491964,
        0.808333,
        0.495536,
        0.946429,
        0.402679,
        1.0
      ]
    }
  ],
  "images\\val\\dog.jpg": [
    {
      "class_id": 1,
      "polygon": [
        0.368125,
        0.995833,
        0.370625,
        0.9375,
        0.343125,
        0.905833,
        0.336875,
        0.810833,
        0.326875,
        0.744167,
        0.300625,
        0.654167,
        0.299375,
        0.579167,
        0.284375,
        0.5025,
        0.259375,
        0.4625,
        0.230625,
        0.4075,
        0.224375,
        0.3675,
        0.231875,
        0.314167,
        0.270625,
        0.2675,
        0.290625,
        0.235833,
        0.326875,
        0.130833,
        0.348125,
        0.1025,
        0.395625,
        0.0725,
        0.443125,
        0.0575,
        0.506875,
        0.0575,
        0.553125,
        0.0625,
        0.614375,
        0.0675,
        0.668125,
        0.1325,
        0.723125,
        0.194167,
        0.761875,
        0.2525,
        0.774375,
        0.314167,
        0.785625,
        0.394167,
        0.791875,
        0.4425,
        0.793125,
        0.4875,
        0.766875,
        0.540833,
        0.755625,
        0.585833,
        0.800625,
        0.675833,
        0.818125,
        0.710833,
        0.863125,
        0.595833,
        0.889375,
        0.619167,
        0.899375,
        0.675833,
        0.876875,
        0.7575,
        0.844375,
        0.810833,
        0.835625,
        0.879167,
        0.845625,
        0.954167,
        0.860625,
        0.990833,
        0.860625,
        0.9925,
        0.860625,
        0.9925
      ]
    }
  ],
  "images\\val\\dog_crop70.jpg": [
    {
      "class_id": 1,
      "polygon": [
        0.513393,
        1.0,
        0.516964,
        1.0,
        0.477679,
        1.0,
        0.46875,
        1.0,
        0.454464,
        0.932143,
        0.416964,
        0.803571,
        0.415179,
        0.696429,
        0.39375,
        0.586905,
        0.358036,
        0.529762,
        0.316964,
        0.45119,
        0.308036,
        0.394048,
        0.31875,
        0.317857,
        0.374107,
        0.25119,
        0.402679,
        0.205952,
        0.454464,
        0.055952,
        0.484821,
        0.015476,
        0.552679,
        0.0,
        0.620536,
        0.0,
        0.711607,
        0.0,
        0.777679,
        0.0,
        0.865179,
        0.0,
        0.941964,
        0.058333,
        1.0,
        0.146429,
        1.0,
        0.229762,
        1.0,
        0.317857,
        1.0,
        0.432143,
        1.0,
        0.50119,
        1.0,
        0.565476,
        1.0,
        0.641667,
        1.0,
        0.705952,
        1.0,
        0.834524,
        1.0,
        0.884524,
        1.0,
        0.720238,
        1.0,
        0.753571,
        1.0,
        0.834524,
        1.0,
        0.95119,
        1.0,
        1.0,
        1.0,
        1.0,
        1.0,
        1.0,
        1.0,
        1.0,
        1.0,
        1.0,
        1.0,
        1.0
      ]
    }
  ],
  "images\\test\\car.jpg": [
    {
      "class_id": 1,
      "polygon": [
        0.179375,
        0.9825,
        0.163125,
        0.930833,
        0.170625,
        0.860833,
        0.196875,
        0.730833,
        0.261875,
        0.5975,
        0.256875,
        0.545833,
        0.296875,
        0.4825,
        0.338125,
        0.4175,
        0.408125,
        0.375833,
        0.401875,
        0.3025,
        0.449375,
        0.2225,
        0.496875,
        0.224167,
        0.548125,
        0.3425,
        0.575625,
        0.3575,
        0.601875,
        0.240833,
        0.643125,
        0.149167,
        0.690625,
        0.239167,
        0.679375,
        0.325833,
        0.678125,
        0.3625,
        0.694375,
        0.399167,
        0.723125,
        0.465833,
        0.741875,
        0.545833,
        0.738125,
        0.660833,
        0.651875,
        0.685833,
        0.588125,
        0.714167,
        0.584375,
        0.799167,
        0.613125,
        0.9075,
        0.621875,
        0.984167
      ]
    }
  ],
  "images\\test\\car_crop70.jpg": [
    {
      "class_id": 1,
      "polygon": [
        0.227679,
        1.0,
        0.204464,
        1.0,
        0.215179,
        1.0,
        0.252679,
        0.841667,
        0.345536,
        0.65119,
        0.338393,
        0.577381,
        0.395536,
        0.486905,
        0.454464,
        0.394048,
        0.554464,
        0.334524,
        0.545536,
        0.229762,
        0.613393,
        0.115476,
        0.68125,
        0.117857,
        0.754464,
        0.286905,
        0.79375,
        0.308333,
        0.83125,
        0.141667,
        0.890179,
        0.010714,
        0.958036,
        0.139286,
        0.941964,
        0.263095,
        0.940179,
        0.315476,
        0.963393,
        0.367857,
        1.0,
        0.463095,
        1.0,
        0.577381,
        1.0,
        0.741667,
        0.902679,
        0.777381,
        0.811607,
        0.817857,
        0.80625,
        0.939286,
        0.847321,
        1.0,
        0.859821,
        1.0
      ]
    }
  ]
}