{
  "images\\train\\car.jpg": [
    {
      "class_id": 1,
      "bbox": [
        0.454375,
        0.589167,
        0.5775,
        0.816667
      ]
    }
  ],
  "images\\train\\car_rotate-23.jpg": [
    {
      "class_id": 1,
      "bbox": [
        0.454375,
        0.589167,
        0.5775,
        0.816667
      ]
    }
  ],
  "images\\train\\car_rotate23.jpg": [
    {
      "class_id": 1,
      "bbox": [
        0.454375,
        0.589167,
        0.5775,
        0.816667
      ]
    }
  ],
  "images\\val\\dog.jpg": [
    {
      "class_id": 1,
      "bbox": [
        0.5525,
        0.529167,
        0.65625,
        0.933333
      ]
    }
  ],
  "images\\val\\dog_rotate-23.jpg": [
    {
      "class_id": 1,
      "bbox": [
        0.5525,
        0.529167,
        0.65625,
        0.933333
      ]
    }
  ],
  "images\\val\\dog_rotate23.jpg": [
    {
      "class_id": 1,
      "bbox": [
        0.5525,
        0.529167,
        0.65625,
        0.933333
      ]
    }
  ],
  "images\\test\\cat.jpg": [
    {
      "class_id": 12,
      "bbox": [
        0.5425,
        0.52,
        0.81625,
        0.905
      ]
    }
  ],
  "images\\test\\cat_rotate-23.jpg": [
    {
      "class_id": 12,
      "bbox": [
        0.5425,
        0.52,
        0.81625,
        0.905
      ]
    }
  ],
  "images\\test\\cat_rotate23.jpg": [
    {
      "class_id": 12,
      "bbox": [
        0.5425,
        0.52,
        0.81625,
        0.905
      ]
    }
  ]
}