{
  "images\\train\\cat.jpg": [
    {
      "class_id": 0,
      "polygon": [
        0.260625,
        1.0,
        0.234375,
        1.0,
        0.225625,
        0.913,
        0.200625,
        0.869,
        0.136875,
        0.869,
        0.149375,
        0.785,
        0.248125,
        0.591,
        0.285625,
        0.511,
        0.313125,
        0.333,
        0.306875,
        0.237,
        0.295625,
        0.033,
        0.330625,
        0.0,
        0.378125,
        0.023,
        0.420625,
        0.105,
        0.481875,
        0.115,
        0.535625,
        0.115,
        0.581875,
        0.109,
        0.643125,
        0.061,
        0.673125,
        0.023,
        0.700625,
        0.015,
        0.689375,
        0.111,
        0.669375,
        0.231,
        0.665625,
        0.301,
        0.675625,
        0.393,
        0.669375,
        0.507,
        0.663125,
        0.587,
        0.703125,
        0.681,
        0.740625,
        0.751,
        0.765625,
        0.857,
        0.746875,
        0.969,
        0.698125,
        1.0,
        0.631875,
        0.963,
        0.595625,
        0.885,
        0.568125,
        0.865,
        0.423125,
        0.877,
        0.359375,
        0.883,
        0.361875,
        0.999,
        0.296875,
        1.0
      ]
    }
  ],
  "images\\train\\cat_crop75.jpg": [
    {
      "class_id": 12,
      "polygon": [
        0.164167,
        1.0,
        0.129167,
        1.0,
        0.1175,
        0.885333,
        0.084167,
        0.826667,
        0.0,
        0.826667,
        0.015833,
        0.714667,
        0.1475,
        0.456,
        0.1975,
        0.349333,
        0.234167,
        0.112,
        0.225833,
        0.0,
        0.210833,
        0.0,
        0.2575,
        0.0,
        0.320833,
        0.0,
        0.3775,
        0.0,
        0.459167,
        0.0,
        0.530833,
        0.0,
        0.5925,
        0.0,
        0.674167,
        0.0,
        0.714167,
        0.0,
        0.750833,
        0.0,
        0.735833,
        0.0,
        0.709167,
        0.0,
        0.704167,
        0.069333,
        0.7175,
        0.192,
        0.709167,
        0.344,
        0.700833,
        0.450667,
        0.754167,
        0.576,
        0.804167,
        0.669333,
        0.8375,
        0.810667,
        0.8125,
        0.96,
        0.7475,
        1.0,
        0.659167,
        0.952,
        0.610833,
        0.848,
        0.574167,
        0.821333,
        0.380833,
        0.837333,
        0.295833,
        0.845333,
        0.299167,
        1.0,
        0.2125,
        1.0
      ]
    }
  ],
  "images\\val\\dog.jpg": [
    {
      "class_id": 1,
      "polygon": [
        0.368125,
        1.0,
        0.370625,
        1.0,
        0.343125,
        0.987,
        0.336875,
        0.873,
        0.326875,
        0.793,
        0.300625,
        0.685,
        0.299375,
        0.595,
        0.284375,
        0.503,
        0.259375,
        0.455,
        0.230625,
        0.389,
        0.224375,
        0.341,
        0.231875,
        0.277,
        0.270625,
        0.221,
        0.290625,
        0.183,
        0.326875,
        0.057,
        0.348125,
        0.023,
        0.395625,
        0.0,
        0.443125,
        0.0,
        0.506875,
        0.0,
        0.553125,
        0.0,
        0.614375,
        0.0,
        0.668125,
        0.059,
        0.723125,
        0.133,
        0.761875,
        0.203,
        0.774375,
        0.277,
        0.785625,
        0.373,
        0.791875,
        0.431,
        0.793125,
        0.485,
        0.766875,
        0.549,
        0.755625,
        0.603,
        0.800625,
        0.711,
        0.818125,
        0.753,
        0.863125,
        0.615,
        0.889375,
        0.643,
        0.899375,
        0.711,
        0.876875,
        0.809,
        0.844375,
        0.873,
        0.835625,
        0.955,
        0.845625,
        1.0,
        0.860625,
        1.0,
        0.860625,
        1.0,
        0.860625,
        1.0
      ]
    }
  ],
  "images\\val\\dog_crop75.jpg": [
    {
      "class_id": 1,
      "polygon": [
        0.269167,
        1.0,
        0.2725,
        1.0,
        0.235833,
        1.0,
        0.2275,
        0.986667,
        0.214167,
        0.88,
        0.179167,
        0.736,
        0.1775,
        0.616,
        0.1575,
        0.493333,
        0.124167,
        0.429333,
        0.085833,
        0.341333,
        0.0775,
        0.277333,
        0.0875,
        0.192,
        0.139167,
        0.117333,
        0.165833,
        0.066667,
        0.214167,
        0.0,
        0.2425,
        0.0,
        0.305833,
        0.0,
        0.369167,
        0.0,
        0.454167,
        0.0,
        0.515833,
        0.0,
        0.5975,
        0.0,
        0.669167,
        0.0,
        0.7425,
        0.0,
        0.794167,
        0.093333,
        0.810833,
        0.192,
        0.825833,
        0.32,
        0.834167,
        0.397333,
        0.835833,
        0.469333,
        0.800833,
        0.554667,
        0.785833,
        0.626667,
        0.845833,
        0.770667,
        0.869167,
        0.826667,
        0.929167,
        0.642667,
        0.964167,
        0.68,
        0.9775,
        0.770667,
        0.9475,
        0.901333,
        0.904167,
        0.986667,
        0.8925,
        1.0,
        0.905833,
        1.0,
        0.925833,
        1.0,
        0.925833,
        1.0,
        0.925833,
        1.0
      ]
    }
  ],
  "images\\test\\car.jpg": [
    {
      "class_id": 1,
      "polygon": [
        0.179375,
        1.0,
        0.163125,
        1.0,
        0.170625,
        0.933,
        0.196875,
        0.777,
        0.261875,
        0.617,
        0.256875,
        0.555,
        0.296875,
        0.479,
        0.338125,
        0.401,
        0.408125,
        0.351,
        0.401875,
        0.263,
        0.449375,
        0.167,
        0.496875,
        0.169,
        0.548125,
        0.311,
        0.575625,
        0.329,
        0.601875,
        0.189,
        0.643125,
        0.079,
        0.690625,
        0.187,
        0.679375,
        0.291,
        0.678125,
        0.335,
        0.694375,
        0.379,
        0.723125,
        0.459,
        0.741875,
        0.555,
        0.738125,
        0.693,
        0.651875,
        0.723,
        0.588125,
        0.757,
        0.584375,
        0.859,
        0.613125,
        0.989,
        0.621875,
        1.0
      ]
    }
  ],
  "images\\test\\car_crop75.jpg": [
    {
      "class_id": 1,
      "polygon": [
        0.2025,
        1.0,
        0.180833,
        1.0,
        0.190833,
        0.92,
        0.225833,
        0.712,
        0.3125,
        0.498667,
        0.305833,
        0.416,
        0.359167,
        0.314667,
        0.414167,
        0.210667,
        0.5075,
        0.144,
        0.499167,
        0.026667,
        0.5625,
        0.0,
        0.625833,
        0.0,
        0.694167,
        0.090667,
        0.730833,
        0.114667,
        0.765833,
        0.0,
        0.820833,
        0.0,
        0.884167,
        0.0,
        0.869167,
        0.064,
        0.8675,
        0.122667,
        0.889167,
        0.181333,
        0.9275,
        0.288,
        0.9525,
        0.416,
        0.9475,
        0.6,
        0.8325,
        0.64,
        0.7475,
        0.685333,
        0.7425,
        0.821333,
        0.780833,
        0.994667,
        0.7925,
        1.0
      ]
    }
  ]
}