{
  "images\\train\\car.jpg": [
    {
      "class_id": 2,
      "bbox": [
        0.454375,
        0.441875,
        0.5775,
        0.6125
      ]
    }
  ],
  "images\\train\\car_1.jpg": [
    {
      "class_id": 4,
      "bbox": [
        0.199722,
        0.124444,
        0.187222,
        0.119444
      ]
    }
  ],
  "images\\train\\car_1_contrast+50.jpg": [
    {
      "class_id": 4,
      "bbox": [
        0.199722,
        0.124444,
        0.187222,
        0.119444
      ]
    }
  ],
  "images\\train\\car_1_contrast-50.jpg": [
    {
      "class_id": 4,
      "bbox": [
        0.199722,
        0.124444,
        0.187222,
        0.119444
      ]
    }
  ],
  "images\\train\\car_4.jpg": [
    {
      "class_id": 5,
      "bbox": [
        0.181989,
        0.128661,
        0.235,
        0.09625
      ]
    }
  ],
  "images\\train\\car_4_contrast+50.jpg": [
    {
      "class_id": 5,
      "bbox": [
        0.181989,
        0.128661,
        0.235,
        0.09625
      ]
    }
  ],
  "images\\train\\car_4_contrast-50.jpg": [
    {
      "class_id": 5,
      "bbox": [
        0.181989,
        0.128661,
        0.235,
        0.09625
      ]
    }
  ],
  "images\\train\\car_contrast+50.jpg": [
    {
      "class_id": 2,
      "bbox": [
        0.454375,
        0.441875,
        0.5775,
        0.6125
      ]
    }
  ],
  "images\\train\\car_contrast-50.jpg": [
    {
      "class_id": 2,
      "bbox": [
        0.454375,
        0.441875,
        0.5775,
        0.6125
      ]
    }
  ],
  "images\\val\\car_3.jpg": [
    {
      "class_id": 4,
      "bbox": [
        0.193864,
        0.123036,
        0.26,
        0.13875
      ]
    }
  ],
  "images\\val\\car_3_contrast+50.jpg": [
    {
      "class_id": 4,
      "bbox": [
        0.193864,
        0.123036,
        0.26,
        0.13875
      ]
    }
  ],
  "images\\val\\car_3_contrast-50.jpg": [
    {
      "class_id": 4,
      "bbox": [
        0.193864,
        0.123036,
        0.26,
        0.13875
      ]
    }
  ],
  "images\\val\\car_5.jpg": [
    {
      "class_id": 3,
      "bbox": [
        0.173864,
        0.108661,
        0.25875,
        0.11625
      ]
    }
  ],
  "images\\val\\car_5_contrast+50.jpg": [
    {
      "class_id": 3,
      "bbox": [
        0.173864,
        0.108661,
        0.25875,
        0.11625
      ]
    }
  ],
  "images\\val\\car_5_contrast-50.jpg": [
    {
      "class_id": 3,
      "bbox": [
        0.173864,
        0.108661,
        0.25875,
        0.11625
      ]
    }
  ],
  "images\\val\\dog.jpg": [
    {
      "class_id": 2,
      "bbox": [
        0.5525,
        0.396875,
        0.65625,
        0.7
      ]
    }
  ],
  "images\\val\\dog_contrast+50.jpg": [
    {
      "class_id": 2,
      "bbox": [
        0.5525,
        0.396875,
        0.65625,
        0.7
      ]
    }
  ],
  "images\\val\\dog_contrast-50.jpg": [
    {
      "class_id": 2,
      "bbox": [
        0.5525,
        0.396875,
        0.65625,
        0.7
      ]
    }
  ],
  "images\\test\\car_2.jpg": [
    {
      "class_id": 0,
      "bbox": [
        0.191875,
        0.12125,
        0.295,
        0.14625
      ]
    }
  ],
  "images\\test\\car_2_contrast+50.jpg": [
    {
      "class_id": 0,
      "bbox": [
        0.191875,
        0.12125,
        0.295,
        0.14625
      ]
    }
  ],
  "images\\test\\car_2_contrast-50.jpg": [
    {
      "class_id": 0,
      "bbox": [
        0.191875,
        0.12125,
        0.295,
        0.14625
      ]
    }
  ],
  "images\\test\\cat.jpg": [
    {
      "class_id": 1,
      "bbox": [
        0.5425,
        0.39,
        0.81625,
        0.67875
      ]
    }
  ],
  "images\\test\\cat_contrast+50.jpg": [
    {
      "class_id": 1,
      "bbox": [
        0.5425,
        0.39,
        0.81625,
        0.67875
      ]
    }
  ],
  "images\\test\\cat_contrast-50.jpg": [
    {
      "class_id": 1,
      "bbox": [
        0.5425,
        0.39,
        0.81625,
        0.67875
      ]
    }
  ]
}