{
  "images\\train\\cat.jpg": [
    {
      "class_id": 0,
      "bbox": [
        0.45125,
        0.503333,
        0.62875,
        0.925
      ]
    }
  ],
  "images\\train\\cat_flip_horizontal.jpg": [
    {
      "class_id": 12,
      "bbox": [
        0.54875,
        0.3775,
        0.62875,
        0.69375
      ]
    }
  ],
  "images\\val\\dog.jpg": [
    {
      "class_id": 1,
      "bbox": [
        0.561875,
        0.526667,
        0.675,
        0.938333
      ]
    }
  ],
  "images\\val\\dog_flip_horizontal.jpg": [
    {
      "class_id": 1,
      "bbox": [
        0.438125,
        0.395,
        0.675,
        0.70375
      ]
    }
  ],
  "images\\test\\car.jpg": [
    {
      "class_id": 1,
      "bbox": [
        0.4525,
        0.566667,
        0.57875,
        0.835
      ]
    }
  ],
  "images\\test\\car_flip_horizontal.jpg": [
    {
      "class_id": 1,
      "bbox": [
        0.5475,
        0.425,
        0.57875,
        0.62625
      ]
    }
  ]
}