{
  "images\\train\\cat.jpg": [
    {
      "class_id": 0,
      "polygon": [
        0.260625,
        0.959167,
        0.234375,
        0.929167,
        0.225625,
        0.844167,
        0.200625,
        0.8075,
        0.136875,
        0.8075,
        0.149375,
        0.7375,
        0.248125,
        0.575833,
        0.285625,
        0.509167,
        0.313125,
        0.360833,
        0.306875,
        0.280833,
        0.295625,
        0.110833,
        0.330625,
        0.040833,
        0.378125,
        0.1025,
        0.420625,
        0.170833,
        0.481875,
        0.179167,
        0.535625,
        0.179167,
        0.581875,
        0.174167,
        0.643125,
        0.134167,
        0.673125,
        0.1025,
        0.700625,
        0.095833,
        0.689375,
        0.175833,
        0.669375,
        0.275833,
        0.665625,
        0.334167,
        0.675625,
        0.410833,
        0.669375,
        0.505833,
        0.663125,
        0.5725,
        0.703125,
        0.650833,
        0.740625,
        0.709167,
        0.765625,
        0.7975,
        0.746875,
        0.890833,
        0.698125,
        0.9325,
        0.631875,
        0.885833,
        0.595625,
        0.820833,
        0.568125,
        0.804167,
        0.423125,
        0.814167,
        0.359375,
        0.819167,
        0.361875,
        0.915833,
        0.296875,
        0.965833
      ]
    }
  ],
  "images\\train\\cat_crop75.jpg": [
    {
      "class_id": 12,
      "polygon": [
        0.260625,
        0.959167,
        0.234375,
        0.929167,
        0.225625,
        0.844167,
        0.200625,
        0.8075,
        0.136875,
        0.8075,
        0.149375,
        0.7375,
        0.248125,
        0.575833,
        0.285625,
        0.509167,
        0.313125,
        0.360833,
        0.306875,
        0.280833,
        0.295625,
        0.110833,
        0.330625,
        0.040833,
        0.378125,
        0.1025,
        0.420625,
        0.170833,
        0.481875,
        0.179167,
        0.535625,
        0.179167,
        0.581875,
        0.174167,
        0.643125,
        0.134167,
        0.673125,
        0.1025,
        0.700625,
        0.095833,
        0.689375,
        0.175833,
        0.669375,
        0.275833,
        0.665625,
        0.334167,
        0.675625,
        0.410833,
        0.669375,
        0.505833,
        0.663125,
        0.5725,
        0.703125,
        0.650833,
        0.740625,
        0.709167,
        0.765625,
        0.7975,
        0.746875,
        0.890833,
        0.698125,
        0.9325,
        0.631875,
        0.885833,
        0.595625,
        0.820833,
        0.568125,
        0.804167,
        0.423125,
        0.814167,
        0.359375,
        0.819167,
        0.361875,
        0.915833,
        0.296875,
        0.965833
      ]
    }
  ],
  "images\\train\\cat_rotate-39.jpg": [
    {
      "class_id": 12,
      "polygon": [
        0.534342,
        1.0,
        0.499775,
        1.0,
        0.452473,
        0.998266,
        0.41569,
        0.991176,
        0.366499,
        1.0,
        0.342751,
        0.980627,
        0.341824,
        0.772131,
        0.338956,
        0.688886,
        0.289412,
        0.551105,
        0.246425,
        0.494676,
        0.156644,
        0.373041,
        0.150257,
        0.289343,
        0.216327,
        0.296642,
        0.28172,
        0.313325,
        0.332958,
        0.267809,
        0.374433,
        0.222223,
        0.407735,
        0.17914,
        0.435915,
        0.096329,
        0.443957,
        0.046451,
        0.461996,
        0.017984,
        0.49148,
        0.089255,
        0.523753,
        0.18338,
        0.548688,
        0.231572,
        0.592979,
        0.282248,
        0.633477,
        0.360853,
        0.660458,
        0.417596,
        0.728693,
        0.444116,
        0.785457,
        0.457323,
        0.846888,
        0.504281,
        0.876945,
        0.592201,
        0.859206,
        0.665697,
        0.785823,
        0.685875,
        0.726843,
        0.666463,
        0.697672,
        0.676925,
        0.590557,
        0.807617,
        0.543752,
        0.865542,
        0.591796,
        0.938012,
        0.565494,
        1.0
      ]
    }
  ],
  "images\\train\\cat_rotate-39_crop75.jpg": [
    {
      "class_id": 12,
      "polygon": [
        0.534342,
        1.0,
        0.499775,
        1.0,
        0.452473,
        0.998266,
        0.41569,
        0.991176,
        0.366499,
        1.0,
        0.342751,
        0.980627,
        0.341824,
        0.772131,
        0.338956,
        0.688886,
        0.289412,
        0.551105,
        0.246425,
        0.494676,
        0.156644,
        0.373041,
        0.150257,
        0.289343,
        0.216327,
        0.296642,
        0.28172,
        0.313325,
        0.332958,
        0.267809,
        0.374433,
        0.222223,
        0.407735,
        0.17914,
        0.435915,
        0.096329,
        0.443957,
        0.046451,
        0.461996,
        0.017984,
        0.49148,
        0.089255,
        0.523753,
        0.18338,
        0.548688,
        0.231572,
        0.592979,
        0.282248,
        0.633477,
        0.360853,
        0.660458,
        0.417596,
        0.728693,
        0.444116,
        0.785457,
        0.457323,
        0.846888,
        0.504281,
        0.876945,
        0.592201,
        0.859206,
        0.665697,
        0.785823,
        0.685875,
        0.726843,
        0.666463,
        0.697672,
        0.676925,
        0.590557,
        0.807617,
        0.543752,
        0.865542,
        0.591796,
        0.938012,
        0.565494,
        1.0
      ]
    }
  ],
  "images\\train\\cat_rotate39.jpg": [
    {
      "class_id": 12,
      "polygon": [
        0.096243,
        0.651289,
        0.0903,
        0.605878,
        0.124098,
        0.532869,
        0.122299,
        0.483373,
        0.073108,
        0.429307,
        0.116148,
        0.385894,
        0.26947,
        0.344899,
        0.33021,
        0.325261,
        0.422193,
        0.234126,
        0.455535,
        0.167095,
        0.527955,
        0.026378,
        0.588356,
        0.002048,
        0.595589,
        0.089917,
        0.595784,
        0.178689,
        0.639071,
        0.237065,
        0.680545,
        0.282651,
        0.718618,
        0.318018,
        0.784963,
        0.339099,
        0.823218,
        0.340107,
        0.847618,
        0.358286,
        0.800773,
        0.410475,
        0.737635,
        0.470675,
        0.706913,
        0.512506,
        0.678054,
        0.580145,
        0.627911,
        0.648149,
        0.591285,
        0.69429,
        0.58478,
        0.788658,
        0.585887,
        0.865473,
        0.563038,
        0.954836,
        0.504044,
        1.0,
        0.44655,
        1.0,
        0.417693,
        0.909562,
        0.42073,
        0.828663,
        0.407462,
        0.79248,
        0.290805,
        0.677221,
        0.239229,
        0.627012,
        0.195042,
        0.703723,
        0.121034,
        0.687177
      ]
    }
  ],
  "images\\train\\cat_rotate39_crop75.jpg": [
    {
      "class_id": 12,
      "polygon": [
        0.096243,
        0.651289,
        0.0903,
        0.605878,
        0.124098,
        0.532869,
        0.122299,
        0.483373,
        0.073108,
        0.429307,
        0.116148,
        0.385894,
        0.26947,
        0.344899,
        0.33021,
        0.325261,
        0.422193,
        0.234126,
        0.455535,
        0.167095,
        0.527955,
        0.026378,
        0.588356,
        0.002048,
        0.595589,
        0.089917,
        0.595784,
        0.178689,
        0.639071,
        0.237065,
        0.680545,
        0.282651,
        0.718618,
        0.318018,
        0.784963,
        0.339099,
        0.823218,
        0.340107,
        0.847618,
        0.358286,
        0.800773,
        0.410475,
        0.737635,
        0.470675,
        0.706913,
        0.512506,
        0.678054,
        0.580145,
        0.627911,
        0.648149,
        0.591285,
        0.69429,
        0.58478,
        0.788658,
        0.585887,
        0.865473,
        0.563038,
        0.954836,
        0.504044,
        1.0,
        0.44655,
        1.0,
        0.417693,
        0.909562,
        0.42073,
        0.828663,
        0.407462,
        0.79248,
        0.290805,
        0.677221,
        0.239229,
        0.627012,
        0.195042,
        0.703723,
        0.121034,
        0.687177
      ]
    }
  ],
  "images\\val\\dog.jpg": [
    {
      "class_id": 1,
      "polygon": [
        0.368125,
        0.995833,
        0.370625,
        0.9375,
        0.343125,
        0.905833,
        0.336875,
        0.810833,
        0.326875,
        0.744167,
        0.300625,
        0.654167,
        0.299375,
        0.579167,
        0.284375,
        0.5025,
        0.259375,
        0.4625,
        0.230625,
        0.4075,
        0.224375,
        0.3675,
        0.231875,
        0.314167,
        0.270625,
        0.2675,
        0.290625,
        0.235833,
        0.326875,
        0.130833,
        0.348125,
        0.1025,
        0.395625,
        0.0725,
        0.443125,
        0.0575,
        0.506875,
        0.0575,
        0.553125,
        0.0625,
        0.614375,
        0.0675,
        0.668125,
        0.1325,
        0.723125,
        0.194167,
        0.761875,
        0.2525,
        0.774375,
        0.314167,
        0.785625,
        0.394167,
        0.791875,
        0.4425,
        0.793125,
        0.4875,
        0.766875,
        0.540833,
        0.755625,
        0.585833,
        0.800625,
        0.675833,
        0.818125,
        0.710833,
        0.863125,
        0.595833,
        0.889375,
        0.619167,
        0.899375,
        0.675833,
        0.876875,
        0.7575,
        0.844375,
        0.810833,
        0.835625,
        0.879167,
        0.845625,
        0.954167,
        0.860625,
        0.990833,
        0.860625,
        0.9925,
        0.860625,
        0.9925
      ]
    }
  ],
  "images\\val\\dog_crop75.jpg": [
    {
      "class_id": 1,
      "polygon": [
        0.368125,
        0.995833,
        0.370625,
        0.9375,
        0.343125,
        0.905833,
        0.336875,
        0.810833,
        0.326875,
        0.744167,
        0.300625,
        0.654167,
        0.299375,
        0.579167,
        0.284375,
        0.5025,
        0.259375,
        0.4625,
        0.230625,
        0.4075,
        0.224375,
        0.3675,
        0.231875,
        0.314167,
        0.270625,
        0.2675,
        0.290625,
        0.235833,
        0.326875,
        0.130833,
        0.348125,
        0.1025,
        0.395625,
        0.0725,
        0.443125,
        0.0575,
        0.506875,
        0.0575,
        0.553125,
        0.0625,
        0.614375,
        0.0675,
        0.668125,
        0.1325,
        0.723125,
        0.194167,
        0.761875,
        0.2525,
        0.774375,
        0.314167,
        0.785625,
        0.394167,
        0.791875,
        0.4425,
        0.793125,
        0.4875,
        0.766875,
        0.540833,
        0.755625,
        0.585833,
        0.800625,
        0.675833,
        0.818125,
        0.710833,
        0.863125,
        0.595833,
        0.889375,
        0.619167,
        0.899375,
        0.675833,
        0.876875,
        0.7575,
        0.844375,
        0.810833,
        0.835625,
        0.879167,
        0.845625,
        0.954167,
        0.860625,
        0.990833,
        0.860625,
        0.9925,
        0.860625,
        0.9925
      ]
    }
  ],
  "images\\val\\dog_rotate-39.jpg": [
    {
      "class_id": 1,
      "polygon": [
        0.634784,
        0.994441,
        0.608884,
        0.947309,
        0.572558,
        0.946197,
        0.522414,
        0.878194,
        0.482894,
        0.835233,
        0.419704,
        0.78805,
        0.38296,
        0.731238,
        0.334811,
        0.684802,
        0.296438,
        0.675139,
        0.248016,
        0.657083,
        0.224111,
        0.631518,
        0.204455,
        0.584004,
        0.212092,
        0.515131,
        0.212418,
        0.473734,
        0.190298,
        0.36197,
        0.193179,
        0.322085,
        0.215519,
        0.258651,
        0.245015,
        0.206792,
        0.294206,
        0.152725,
        0.332279,
        0.117359,
        0.381927,
        0.06927,
        0.45441,
        0.07384,
        0.526268,
        0.074778,
        0.583997,
        0.086926,
        0.623061,
        0.123908,
        0.669907,
        0.176097,
        0.697787,
        0.208091,
        0.720219,
        0.241754,
        0.725407,
        0.30517,
        0.738194,
        0.349434,
        0.815852,
        0.380716,
        0.846053,
        0.392881,
        0.825914,
        0.265979,
        0.857301,
        0.261721,
        0.89205,
        0.296966,
        0.913649,
        0.379064,
        0.914014,
        0.447781,
        0.939861,
        0.507929,
        0.983357,
        0.55732,
        1.0,
        0.572891,
        1.0,
        0.574177,
        1.0,
        0.574177
      ]
    }
  ],
  "images\\val\\dog_rotate-39_crop75.jpg": [
    {
      "class_id": 1,
      "polygon": [
        0.634784,
        0.994441,
        0.608884,
        0.947309,
        0.572558,
        0.946197,
        0.522414,
        0.878194,
        0.482894,
        0.835233,
        0.419704,
        0.78805,
        0.38296,
        0.731238,
        0.334811,
        0.684802,
        0.296438,
        0.675139,
        0.248016,
        0.657083,
        0.224111,
        0.631518,
        0.204455,
        0.584004,
        0.212092,
        0.515131,
        0.212418,
        0.473734,
        0.190298,
        0.36197,
        0.193179,
        0.322085,
        0.215519,
        0.258651,
        0.245015,
        0.206792,
        0.294206,
        0.152725,
        0.332279,
        0.117359,
        0.381927,
        0.06927,
        0.45441,
        0.07384,
        0.526268,
        0.074778,
        0.583997,
        0.086926,
        0.623061,
        0.123908,
        0.669907,
        0.176097,
        0.697787,
        0.208091,
        0.720219,
        0.241754,
        0.725407,
        0.30517,
        0.738194,
        0.349434,
        0.815852,
        0.380716,
        0.846053,
        0.392881,
        0.825914,
        0.265979,
        0.857301,
        0.261721,
        0.89205,
        0.296966,
        0.913649,
        0.379064,
        0.914014,
        0.447781,
        0.939861,
        0.507929,
        0.983357,
        0.55732,
        1.0,
        0.572891,
        1.0,
        0.574177,
        1.0,
        0.574177
      ]
    }
  ],
  "images\\val\\dog_rotate39.jpg": [
    {
      "class_id": 1,
      "polygon": [
        0.1617,
        0.770753,
        0.191458,
        0.727862,
        0.185345,
        0.680105,
        0.225843,
        0.6015,
        0.249931,
        0.541577,
        0.272611,
        0.449868,
        0.307426,
        0.390936,
        0.332426,
        0.319057,
        0.332218,
        0.266989,
        0.336272,
        0.200167,
        0.350531,
        0.164001,
        0.381762,
        0.129208,
        0.433925,
        0.126063,
        0.464464,
        0.118591,
        0.542527,
        0.068314,
        0.57244,
        0.064473,
        0.623404,
        0.08161,
        0.667212,
        0.11032,
        0.716403,
        0.164387,
        0.749706,
        0.20747,
        0.794582,
        0.263274,
        0.805048,
        0.359015,
        0.818069,
        0.453245,
        0.820141,
        0.53112,
        0.800368,
        0.589305,
        0.770884,
        0.660576,
        0.752649,
        0.703172,
        0.732146,
        0.738955,
        0.686447,
        0.757846,
        0.656299,
        0.783028,
        0.648087,
        0.890639,
        0.644893,
        0.932487,
        0.734478,
        0.881915,
        0.743602,
        0.922183,
        0.724285,
        0.974389,
        0.667963,
        1.0,
        0.617442,
        1.0,
        0.578092,
        1.0,
        0.550029,
        1.0,
        0.544111,
        1.0,
        0.543316,
        1.0,
        0.543316,
        1.0
      ]
    }
  ],
  "images\\val\\dog_rotate39_crop75.jpg": [
    {
      "class_id": 1,
      "polygon": [
        0.1617,
        0.770753,
        0.191458,
        0.727862,
        0.185345,
        0.680105,
        0.225843,
        0.6015,
        0.249931,
        0.541577,
        0.272611,
        0.449868,
        0.307426,
        0.390936,
        0.332426,
        0.319057,
        0.332218,
        0.266989,
        0.336272,
        0.200167,
        0.350531,
        0.164001,
        0.381762,
        0.129208,
        0.433925,
        0.126063,
        0.464464,
        0.118591,
        0.542527,
        0.068314,
        0.57244,
        0.064473,
        0.623404,
        0.08161,
        0.667212,
        0.11032,
        0.716403,
        0.164387,
        0.749706,
        0.20747,
        0.794582,
        0.263274,
        0.805048,
        0.359015,
        0.818069,
        0.453245,
        0.820141,
        0.53112,
        0.800368,
        0.589305,
        0.770884,
        0.660576,
        0.752649,
        0.703172,
        0.732146,
        0.738955,
        0.686447,
        0.757846,
        0.656299,
        0.783028,
        0.648087,
        0.890639,
        0.644893,
        0.932487,
        0.734478,
        0.881915,
        0.743602,
        0.922183,
        0.724285,
        0.974389,
        0.667963,
        1.0,
        0.617442,
        1.0,
        0.578092,
        1.0,
        0.550029,
        1.0,
        0.544111,
        1.0,
        0.543316,
        1.0,
        0.543316,
        1.0
      ]
    }
  ],
  "images\\test\\car.jpg": [
    {
      "class_id": 1,
      "polygon": [
        0.179375,
        0.9825,
        0.163125,
        0.930833,
        0.170625,
        0.860833,
        0.196875,
        0.730833,
        0.261875,
        0.5975,
        0.256875,
        0.545833,
        0.296875,
        0.4825,
        0.338125,
        0.4175,
        0.408125,
        0.375833,
        0.401875,
        0.3025,
        0.449375,
        0.2225,
        0.496875,
        0.224167,
        0.548125,
        0.3425,
        0.575625,
        0.3575,
        0.601875,
        0.240833,
        0.643125,
        0.149167,
        0.690625,
        0.239167,
        0.679375,
        0.325833,
        0.678125,
        0.3625,
        0.694375,
        0.399167,
        0.723125,
        0.465833,
        0.741875,
        0.545833,
        0.738125,
        0.660833,
        0.651875,
        0.685833,
        0.588125,
        0.714167,
        0.584375,
        0.799167,
        0.613125,
        0.9075,
        0.621875,
        0.984167
      ]
    }
  ],
  "images\\test\\car_crop75.jpg": [
    {
      "class_id": 1,
      "polygon": [
        0.179375,
        0.9825,
        0.163125,
        0.930833,
        0.170625,
        0.860833,
        0.196875,
        0.730833,
        0.261875,
        0.5975,
        0.256875,
        0.545833,
        0.296875,
        0.4825,
        0.338125,
        0.4175,
        0.408125,
        0.375833,
        0.401875,
        0.3025,
        0.449375,
        0.2225,
        0.496875,
        0.224167,
        0.548125,
        0.3425,
        0.575625,
        0.3575,
        0.601875,
        0.240833,
        0.643125,
        0.149167,
        0.690625,
        0.239167,
        0.679375,
        0.325833,
        0.678125,
        0.3625,
        0.694375,
        0.399167,
        0.723125,
        0.465833,
        0.741875,
        0.545833,
        0.738125,
        0.660833,
        0.651875,
        0.685833,
        0.588125,
        0.714167,
        0.584375,
        0.799167,
        0.613125,
        0.9075,
        0.621875,
        0.984167
      ]
    }
  ],
  "images\\test\\car_rotate-39.jpg": [
    {
      "class_id": 1,
      "polygon": [
        0.482779,
        1.0,
        0.445592,
        1.0,
        0.417985,
        1.0,
        0.376222,
        0.935198,
        0.36277,
        0.777188,
        0.334264,
        0.741561,
        0.334915,
        0.658768,
        0.335736,
        0.573628,
        0.369872,
        0.48211,
        0.330065,
        0.430824,
        0.328553,
        0.328809,
        0.366,
        0.289811,
        0.461998,
        0.337654,
        0.490373,
        0.325906,
        0.454972,
        0.21362,
        0.443071,
        0.107903,
        0.522658,
        0.137065,
        0.555322,
        0.21348,
        0.57185,
        0.242833,
        0.601881,
        0.257344,
        0.655869,
        0.284403,
        0.708502,
        0.330231,
        0.76047,
        0.422148,
        0.705844,
        0.514588,
        0.670169,
        0.590517,
        0.707826,
        0.659286,
        0.781691,
        0.718495,
        0.825018,
        0.770232
      ]
    }
  ],
  "images\\test\\car_rotate-39_crop75.jpg": [
    {
      "class_id": 1,
      "polygon": [
        0.482779,
        1.0,
        0.445592,
        1.0,
        0.417985,
        1.0,
        0.376222,
        0.935198,
        0.36277,
        0.777188,
        0.334264,
        0.741561,
        0.334915,
        0.658768,
        0.335736,
        0.573628,
        0.369872,
        0.48211,
        0.330065,
        0.430824,
        0.328553,
        0.328809,
        0.366,
        0.289811,
        0.461998,
        0.337654,
        0.490373,
        0.325906,
        0.454972,
        0.21362,
        0.443071,
        0.107903,
        0.522658,
        0.137065,
        0.555322,
        0.21348,
        0.57185,
        0.242833,
        0.601881,
        0.257344,
        0.655869,
        0.284403,
        0.708502,
        0.330231,
        0.76047,
        0.422148,
        0.705844,
        0.514588,
        0.670169,
        0.590517,
        0.707826,
        0.659286,
        0.781691,
        0.718495,
        0.825018,
        0.770232
      ]
    }
  ],
  "images\\test\\car_rotate39.jpg": [
    {
      "class_id": 1,
      "polygon": [
        0.022417,
        0.600385,
        0.034526,
        0.546736,
        0.073707,
        0.499084,
        0.15598,
        0.421035,
        0.269744,
        0.373279,
        0.290534,
        0.329171,
        0.351612,
        0.314225,
        0.414451,
        0.299054,
        0.488342,
        0.32627,
        0.518503,
        0.264384,
        0.59332,
        0.242939,
        0.629177,
        0.28451,
        0.612271,
        0.419284,
        0.626335,
        0.454181,
        0.702247,
        0.386421,
        0.777807,
        0.350673,
        0.771524,
        0.460404,
        0.721498,
        0.517737,
        0.703041,
        0.54497,
        0.698088,
        0.587045,
        0.688468,
        0.662869,
        0.664772,
        0.740501,
        0.607016,
        0.826058,
        0.528537,
        0.772199,
        0.465829,
        0.739995,
        0.422386,
        0.802403,
        0.392889,
        0.910379,
        0.363066,
        0.976958
      ]
    }
  ],
  "images\\test\\car_rotate39_crop75.jpg": [
    {
      "class_id": 1,
      "polygon": [
        0.022417,
        0.600385,
        0.034526,
        0.546736,
        0.073707,
        0.499084,
        0.15598,
        0.421035,
        0.269744,
        0.373279,
        0.290534,
        0.329171,
        0.351612,
        0.314225,
        0.414451,
        0.299054,
        0.488342,
        0.32627,
        0.518503,
        0.264384,
        0.59332,
        0.242939,
        0.629177,
        0.28451,
        0.612271,
        0.419284,
        0.626335,
        0.454181,
        0.702247,
        0.386421,
        0.777807,
        0.350673,
        0.771524,
        0.460404,
        0.721498,
        0.517737,
        0.703041,
        0.54497,
        0.698088,
        0.587045,
        0.688468,
        0.662869,
        0.664772,
        0.740501,
        0.607016,
        0.826058,
        0.528537,
        0.772199,
        0.465829,
        0.739995,
        0.422386,
        0.802403,
        0.392889,
        0.910379,
        0.363066,
        0.976958
      ]
    }
  ]
}