{
  "images\\train\\car.png": [
    {
      "class_id": 2,
      "polygon": [
        0.211719,
        0.935156,
        0.207031,
        0.885156,
        0.210156,
        0.825781,
        0.235156,
        0.719531,
        0.272656,
        0.638281,
        0.305469,
        0.577344,
        0.322656,
        0.538281,
        0.321094,
        0.499219,
        0.353906,
        0.467969,
        0.394531,
        0.435156,
        0.428906,
        0.394531,
        0.455469,
        0.363281,
        0.471094,
        0.349219,
        0.488281,
        0.335156,
        0.508594,
        0.269531,
        0.535156,
        0.222656,
        0.549219,
        0.207031,
        0.583594,
        0.202344,
        0.644531,
        0.253906,
        0.686719,
        0.325781,
        0.708594,
        0.324219,
        0.725781,
        0.308594,
        0.738281,
        0.278906,
        0.746094,
        0.255469,
        0.764844,
        0.217969,
        0.805469,
        0.172656,
        0.853906,
        0.169531,
        0.852344,
        0.221094,
        0.850781,
        0.296094,
        0.838281,
        0.346094,
        0.846094,
        0.367969,
        0.883594,
        0.399219,
        0.908594,
        0.452344,
        0.907031,
        0.497656,
        0.924219,
        0.536719,
        0.928906,
        0.611719,
        0.892969,
        0.635156,
        0.830469,
        0.638281,
        0.786719,
        0.638281,
        0.758594,
        0.642969,
        0.699219,
        0.671094,
        0.716406,
        0.716406,
        0.724219,
        0.739844,
        0.728906,
        0.769531,
        0.728906,
        0.797656,
        0.747656,
        0.850781,
        0.755469,
        0.880469,
        0.758594,
        0.911719,
        0.752344,
        0.933594
      ]
    }
  ],
  "images\\train\\car_1.png": [
    {
      "class_id": 4,
      "polygon": [
        0.132639,
        0.135764,
        0.199306,
        0.080903,
        0.315972,
        0.091319,
        0.366667,
        0.155208,
        0.352083,
        0.216319,
        0.298611,
        0.230208,
        0.155556,
        0.214236
      ]
    }
  ],
  "images\\train\\car_1_rotate-35.png": [
    {
      "class_id": 4,
      "polygon": [
        0.0,
        0.415016,
        0.012413,
        0.331718,
        0.113649,
        0.272802,
        0.191941,
        0.29565,
        0.215353,
        0.353952,
        0.179738,
        0.396187,
        0.053755,
        0.465817
      ]
    }
  ],
  "images\\train\\car_1_rotate35.png": [
    {
      "class_id": 4,
      "polygon": [
        0.410659,
        0.0,
        0.49677,
        0.0,
        0.585967,
        0.060119,
        0.590422,
        0.141555,
        0.543207,
        0.183003,
        0.49154,
        0.163439,
        0.384017,
        0.067737
      ]
    }
  ],
  "images\\train\\car_4.png": [
    {
      "class_id": 5,
      "polygon": [
        0.277486,
        0.20067,
        0.233736,
        0.208483,
        0.219673,
        0.21942,
        0.202486,
        0.21942,
        0.172798,
        0.220983,
        0.154048,
        0.220983,
        0.138423,
        0.21317,
        0.116548,
        0.20692,
        0.100923,
        0.20067,
        0.088423,
        0.195983,
        0.080611,
        0.18817,
        0.080611,
        0.178795,
        0.080611,
        0.16317,
        0.085298,
        0.152233,
        0.096236,
        0.141295,
        0.154048,
        0.124108,
        0.208736,
        0.110045,
        0.255611,
        0.10067,
        0.308736,
        0.103795,
        0.344673,
        0.120983,
        0.368111,
        0.142858,
        0.374361,
        0.170983,
        0.354048,
        0.183483,
        0.327486,
        0.192858,
        0.300923,
        0.191295,
        0.282173,
        0.203795,
        0.282173,
        0.203795
      ]
    }
  ],
  "images\\train\\car_4_rotate-35.png": [
    {
      "class_id": 5,
      "polygon": [
        0.145428,
        0.384287,
        0.114236,
        0.415945,
        0.10908,
        0.432997,
        0.095052,
        0.442929,
        0.071726,
        0.46136,
        0.056424,
        0.472194,
        0.039157,
        0.474847,
        0.017692,
        0.482387,
        0.001329,
        0.486315,
        0.0,
        0.489713,
        0.0,
        0.487851,
        0.0,
        0.4802,
        0.0,
        0.467448,
        0.0,
        0.455813,
        0.0,
        0.440566,
        0.000444,
        0.393131,
        0.03695,
        0.350053,
        0.069789,
        0.315314,
        0.114952,
        0.287166,
        0.154214,
        0.280426,
        0.185983,
        0.284736,
        0.207336,
        0.304078,
        0.197982,
        0.326018,
        0.18172,
        0.349018,
        0.159139,
        0.363092,
        0.151059,
        0.384129,
        0.151059,
        0.384129
      ]
    }
  ],
  "images\\train\\car_4_rotate35.png": [
    {
      "class_id": 5,
      "polygon": [
        0.491368,
        0.127124,
        0.451147,
        0.108219,
        0.43335,
        0.109019,
        0.419323,
        0.099088,
        0.394191,
        0.083208,
        0.378888,
        0.072373,
        0.37065,
        0.056968,
        0.356409,
        0.039226,
        0.347269,
        0.025096,
        0.339775,
        0.014047,
        0.337914,
        0.003157,
        0.343331,
        0.0,
        0.35236,
        0.0,
        0.362506,
        0.0,
        0.377753,
        0.0,
        0.434868,
        0.0,
        0.487627,
        0.013434,
        0.531301,
        0.03287,
        0.572852,
        0.066119,
        0.59225,
        0.100913,
        0.598738,
        0.13231,
        0.587586,
        0.158875,
        0.563785,
        0.157339,
        0.536689,
        0.149641,
        0.515913,
        0.133017,
        0.493388,
        0.132383,
        0.493388,
        0.132383
      ]
    }
  ],
  "images\\train\\car_rotate-35.png": [
    {
      "class_id": 2,
      "polygon": [
        0.516181,
        1.0,
        0.483463,
        0.983635,
        0.451703,
        0.933371,
        0.410709,
        0.83221,
        0.394363,
        0.744229,
        0.385929,
        0.675535,
        0.377384,
        0.633722,
        0.353536,
        0.602745,
        0.362258,
        0.558279,
        0.376453,
        0.508024,
        0.381032,
        0.455005,
        0.384652,
        0.414151,
        0.389278,
        0.393645,
        0.39518,
        0.372237,
        0.373836,
        0.30694,
        0.368427,
        0.253334,
        0.370875,
        0.232456,
        0.396221,
        0.208766,
        0.47575,
        0.215635,
        0.551715,
        0.249917,
        0.568665,
        0.236001,
        0.573663,
        0.213317,
        0.56671,
        0.181864,
        0.559542,
        0.158222,
        0.553175,
        0.116782,
        0.560146,
        0.056325,
        0.597872,
        0.025785,
        0.626393,
        0.06877,
        0.668457,
        0.130883,
        0.687148,
        0.178913,
        0.706165,
        0.192251,
        0.754828,
        0.196086,
        0.80593,
        0.224997,
        0.830839,
        0.262881,
        0.867439,
        0.28483,
        0.914604,
        0.343331,
        0.898818,
        0.383226,
        0.849615,
        0.421893,
        0.813909,
        0.447174,
        0.793664,
        0.467252,
        0.761458,
        0.524516,
        0.801669,
        0.551565,
        0.821589,
        0.566179,
        0.84257,
        0.587699,
        0.858822,
        0.610653,
        0.904823,
        0.643176,
        0.928354,
        0.66289,
        0.948963,
        0.686589,
        0.956503,
        0.708053
      ]
    }
  ],
  "images\\train\\car_rotate35.png": [
    {
      "class_id": 2,
      "polygon": [
        0.013264,
        0.688562,
        0.038332,
        0.645046,
        0.075192,
        0.598394,
        0.156993,
        0.526126,
        0.234549,
        0.481484,
        0.296542,
        0.450712,
        0.333142,
        0.428763,
        0.354439,
        0.39598,
        0.399277,
        0.389437,
        0.451393,
        0.386133,
        0.502924,
        0.372841,
        0.54266,
        0.362686,
        0.563539,
        0.360238,
        0.585692,
        0.358693,
        0.640192,
        0.316872,
        0.688958,
        0.293965,
        0.709463,
        0.289339,
        0.740227,
        0.305377,
        0.760165,
        0.382672,
        0.753062,
        0.46571,
        0.771818,
        0.477076,
        0.794874,
        0.474256,
        0.822231,
        0.45725,
        0.842151,
        0.442636,
        0.879123,
        0.422866,
        0.938463,
        0.40936,
        0.9798,
        0.434799,
        0.948729,
        0.475979,
        0.904115,
        0.536286,
        0.86502,
        0.56987,
        0.858755,
        0.592237,
        0.871302,
        0.639411,
        0.861007,
        0.697215,
        0.833548,
        0.733293,
        0.825003,
        0.775106,
        0.785489,
        0.839025,
        0.742615,
        0.837386,
        0.689801,
        0.80382,
        0.654095,
        0.778539,
        0.628432,
        0.766113,
        0.563722,
        0.754756,
        0.551565,
        0.801669,
        0.544398,
        0.825312,
        0.531068,
        0.85225,
        0.514816,
        0.875204,
        0.49942,
        0.929396,
        0.488641,
        0.958139,
        0.473133,
        0.98545,
        0.455392,
        0.999691
      ]
    }
  ],
  "images\\val\\car_3.png": [
    {
      "class_id": 4,
      "polygon": [
        0.165767,
        0.220202,
        0.132955,
        0.196764,
        0.126705,
        0.187389,
        0.089205,
        0.167077,
        0.07983,
        0.156139,
        0.07983,
        0.129577,
        0.07983,
        0.109264,
        0.087642,
        0.092077,
        0.100142,
        0.082702,
        0.131392,
        0.082702,
        0.14858,
        0.082702,
        0.165767,
        0.076452,
        0.19858,
        0.067077,
        0.234517,
        0.067077,
        0.262642,
        0.071764,
        0.289205,
        0.079577,
        0.31733,
        0.088952,
        0.345455,
        0.107702,
        0.389205,
        0.135827,
        0.40483,
        0.162389,
        0.40483,
        0.190514,
        0.40483,
        0.213952,
        0.39858,
        0.235827,
        0.368892,
        0.238952,
        0.331392,
        0.240514,
        0.301705,
        0.240514,
        0.26733,
        0.240514,
        0.222017,
        0.228014,
        0.190767,
        0.220202,
        0.170455,
        0.217077,
        0.170455,
        0.217077,
        0.170455,
        0.215514,
        0.170455,
        0.215514
      ]
    }
  ],
  "images\\val\\car_3_rotate-35.png": [
    {
      "class_id": 4,
      "polygon": [
        0.065536,
        0.464785,
        0.025213,
        0.464618,
        0.014695,
        0.460578,
        0.0,
        0.46567,
        0.0,
        0.462161,
        0.0,
        0.440482,
        0.0,
        0.423904,
        0.0,
        0.405362,
        0.0,
        0.390488,
        0.0,
        0.37243,
        0.0,
        0.362498,
        0.0,
        0.347465,
        0.003831,
        0.320853,
        0.033161,
        0.300086,
        0.058824,
        0.28766,
        0.085017,
        0.278686,
        0.113388,
        0.270085,
        0.147177,
        0.269136,
        0.199135,
        0.266808,
        0.227237,
        0.279458,
        0.243489,
        0.302412,
        0.257033,
        0.32154,
        0.264572,
        0.343005,
        0.242149,
        0.36271,
        0.212447,
        0.385655,
        0.188218,
        0.40281,
        0.160163,
        0.422674,
        0.115959,
        0.438657,
        0.08594,
        0.450339,
        0.067556,
        0.459526,
        0.067556,
        0.459526,
        0.066653,
        0.458251,
        0.066653,
        0.458251
      ]
    }
  ],
  "images\\val\\car_3_rotate35.png": [
    {
      "class_id": 4,
      "polygon": [
        0.388904,
        0.078507,
        0.375668,
        0.040418,
        0.375984,
        0.029155,
        0.357117,
        0.0,
        0.355786,
        0.0,
        0.371135,
        0.0,
        0.382873,
        0.0,
        0.399181,
        0.0,
        0.4148,
        0.0,
        0.440304,
        0.0,
        0.454332,
        0.0,
        0.471971,
        0.0,
        0.504168,
        0.0,
        0.533498,
        0.0,
        0.553743,
        0.013341,
        0.570907,
        0.035067,
        0.588443,
        0.05897,
        0.600562,
        0.090525,
        0.620016,
        0.13876,
        0.617419,
        0.169468,
        0.601167,
        0.192422,
        0.587623,
        0.21155,
        0.569882,
        0.225792,
        0.543847,
        0.211187,
        0.512339,
        0.190792,
        0.48811,
        0.173637,
        0.460055,
        0.153773,
        0.430297,
        0.117388,
        0.409307,
        0.092953,
        0.394535,
        0.078665,
        0.394535,
        0.078665,
        0.395438,
        0.07739,
        0.395438,
        0.07739
      ]
    }
  ],
  "images\\val\\car_5.png": [
    {
      "class_id": 3,
      "polygon": [
        0.064986,
        0.191295,
        0.055611,
        0.145983,
        0.071236,
        0.12567,
        0.096236,
        0.10692,
        0.130611,
        0.10067,
        0.144673,
        0.089733,
        0.161861,
        0.077233,
        0.180611,
        0.070983,
        0.214986,
        0.070983,
        0.257173,
        0.06317,
        0.313423,
        0.067858,
        0.318111,
        0.06942,
        0.346236,
        0.09442,
        0.361861,
        0.108483,
        0.379048,
        0.120983,
        0.379048,
        0.141295,
        0.374361,
        0.161608,
        0.366548,
        0.180358,
        0.338423,
        0.189733,
        0.313423,
        0.174108,
        0.308736,
        0.172545,
        0.300923,
        0.174108,
        0.289986,
        0.178795,
        0.280611,
        0.180358,
        0.271236,
        0.186608,
        0.261861,
        0.195983,
        0.249361,
        0.205358,
        0.221236,
        0.205358,
        0.193111,
        0.205358,
        0.152486,
        0.208483,
        0.111861,
        0.20692,
        0.074361,
        0.195983,
        0.060298,
        0.192858,
        0.060298,
        0.192858
      ]
    }
  ],
  "images\\val\\car_5_rotate-35.png": [
    {
      "class_id": 3,
      "polygon": [
        0.0,
        0.499431,
        0.0,
        0.467867,
        0.0,
        0.44226,
        0.0,
        0.412511,
        0.0,
        0.387546,
        0.0,
        0.370494,
        0.0,
        0.35036,
        0.0,
        0.334424,
        0.019478,
        0.314561,
        0.049395,
        0.283806,
        0.098011,
        0.255127,
        0.10274,
        0.253694,
        0.14014,
        0.257845,
        0.161018,
        0.260293,
        0.182269,
        0.260563,
        0.194007,
        0.27714,
        0.201919,
        0.296427,
        0.206377,
        0.316244,
        0.188841,
        0.340148,
        0.159409,
        0.341842,
        0.15468,
        0.343275,
        0.149207,
        0.349065,
        0.142989,
        0.359211,
        0.136241,
        0.365904,
        0.132201,
        0.376422,
        0.129967,
        0.389491,
        0.125183,
        0.404365,
        0.102229,
        0.420617,
        0.079275,
        0.43687,
        0.047925,
        0.462896,
        0.013867,
        0.485096,
        0.0,
        0.497839,
        0.0,
        0.503415,
        0.0,
        0.503415
      ]
    }
  ],
  "images\\val\\car_5_rotate35.png": [
    {
      "class_id": 3,
      "polygon": [
        0.323356,
        0.0,
        0.341889,
        0.0,
        0.366379,
        0.0,
        0.397617,
        0.0,
        0.429283,
        0.0,
        0.447081,
        0.0,
        0.468331,
        0.0,
        0.487245,
        0.0,
        0.5153,
        0.0,
        0.554245,
        0.003168,
        0.597444,
        0.039498,
        0.600367,
        0.043482,
        0.608875,
        0.080137,
        0.613501,
        0.100643,
        0.620305,
        0.120777,
        0.608567,
        0.137355,
        0.593004,
        0.151224,
        0.575793,
        0.162012,
        0.547422,
        0.153411,
        0.536047,
        0.126212,
        0.533124,
        0.122228,
        0.525845,
        0.118989,
        0.51421,
        0.116495,
        0.505656,
        0.112352,
        0.494393,
        0.112036,
        0.481324,
        0.11427,
        0.465705,
        0.114698,
        0.442751,
        0.098445,
        0.419797,
        0.082193,
        0.384836,
        0.061268,
        0.352583,
        0.036517,
        0.328299,
        0.005921,
        0.318627,
        0.0,
        0.318627,
        0.0
      ]
    }
  ],
  "images\\val\\dog.png": [
    {
      "class_id": 2,
      "polygon": [
        0.305469,
        0.369531,
        0.280469,
        0.324219,
        0.319531,
        0.271094,
        0.357031,
        0.235156,
        0.385156,
        0.208594,
        0.386719,
        0.164844,
        0.424219,
        0.108594,
        0.461719,
        0.085156,
        0.508594,
        0.067969,
        0.588281,
        0.058594,
        0.630469,
        0.066406,
        0.739844,
        0.060156,
        0.782031,
        0.086719,
        0.832031,
        0.124219,
        0.877344,
        0.167969,
        0.917969,
        0.202344,
        0.936719,
        0.235156,
        0.944531,
        0.286719,
        0.960156,
        0.321094,
        0.991406,
        0.358594,
        1.0,
        0.413281,
        0.996094,
        0.450781,
        0.963281,
        0.507031,
        0.942969,
        0.538281,
        0.955469,
        0.583594,
        0.978906,
        0.613281,
        1.0,
        0.653906,
        1.0,
        0.672656,
        1.0,
        0.646094,
        1.0,
        0.594531,
        1.0,
        0.588281,
        1.0,
        0.608594,
        1.0,
        0.641406,
        1.0,
        0.672656,
        1.0,
        0.711719,
        1.0,
        0.735156,
        1.0,
        0.786719,
        1.0,
        0.824219,
        1.0,
        0.866406,
        1.0,
        0.913281,
        1.0,
        0.933594,
        0.466406,
        0.933594,
        0.472656,
        0.894531,
        0.450781,
        0.872656,
        0.435156,
        0.819531,
        0.432031,
        0.772656,
        0.417969,
        0.724219,
        0.389844,
        0.667969,
        0.367969,
        0.594531,
        0.369531,
        0.538281,
        0.374219,
        0.516406,
        0.361719,
        0.483594,
        0.352344,
        0.447656,
        0.325781,
        0.407031
      ]
    }
  ],
  "images\\val\\dog_rotate-35.png": [
    {
      "class_id": 2,
      "polygon": [
        0.265843,
        0.505931,
        0.219256,
        0.483396,
        0.220437,
        0.417466,
        0.230276,
        0.366467,
        0.23788,
        0.328536,
        0.213874,
        0.291927,
        0.211975,
        0.224349,
        0.229037,
        0.183552,
        0.257361,
        0.142437,
        0.31698,
        0.088738,
        0.355925,
        0.070735,
        0.441578,
        0.002431,
        0.491359,
        0.0,
        0.553835,
        0.001444,
        0.616098,
        0.010966,
        0.669117,
        0.015545,
        0.703381,
        0.03149,
        0.739552,
        0.069057,
        0.772168,
        0.088083,
        0.819342,
        0.10063,
        0.859871,
        0.138942,
        0.876439,
        0.173159,
        0.882164,
        0.238028,
        0.883645,
        0.27527,
        0.92003,
        0.305028,
        0.956314,
        0.315713,
        1.0,
        0.331714,
        1.0,
        0.341599,
        1.0,
        0.30728,
        1.0,
        0.250751,
        1.0,
        0.237524,
        1.0,
        0.245073,
        1.0,
        0.268241,
        1.0,
        0.294648,
        1.0,
        0.340072,
        1.0,
        0.376355,
        1.0,
        0.416632,
        1.0,
        0.449946,
        1.0,
        0.481668,
        1.0,
        0.52173,
        1.0,
        0.541016,
        0.723138,
        0.873285,
        0.705667,
        0.837793,
        0.675173,
        0.83258,
        0.631722,
        0.798252,
        0.602085,
        0.761801,
        0.562618,
        0.730396,
        0.507159,
        0.70074,
        0.44687,
        0.653446,
        0.415641,
        0.606635,
        0.406826,
        0.586073,
        0.377663,
        0.566517,
        0.349245,
        0.542605,
        0.304091,
        0.524798
      ]
    }
  ],
  "images\\val\\dog_rotate35.png": [
    {
      "class_id": 2,
      "polygon": [
        0.416628,
        0.281108,
        0.422409,
        0.229681,
        0.484988,
        0.208896,
        0.53636,
        0.201235,
        0.574663,
        0.195809,
        0.60122,
        0.161006,
        0.664329,
        0.136768,
        0.708478,
        0.139309,
        0.756666,
        0.152369,
        0.82712,
        0.190766,
        0.857036,
        0.22152,
        0.949913,
        0.279623,
        0.968994,
        0.32568,
        0.988131,
        0.385178,
        0.999831,
        0.447068,
        1.0,
        0.498598,
        1.0,
        0.536212,
        0.986045,
        0.582809,
        0.978933,
        0.619893,
        0.982768,
        0.668556,
        0.960093,
        0.719509,
        0.933322,
        0.746502,
        0.874038,
        0.773449,
        0.839402,
        0.787216,
        0.82342,
        0.83142,
        0.825393,
        0.869193,
        0.826147,
        0.919503,
        0.822963,
        0.940223,
        0.856165,
        0.931185,
        0.906365,
        0.90355,
        0.921453,
        0.906575,
        0.922468,
        0.932182,
        0.908607,
        0.962573,
        0.889274,
        0.987174,
        0.847573,
        1.0,
        0.809801,
        1.0,
        0.782555,
        1.0,
        0.75706,
        1.0,
        0.736507,
        1.0,
        0.70687,
        1.0,
        0.691307,
        1.0,
        0.222027,
        0.83446,
        0.249701,
        0.806191,
        0.244488,
        0.775697,
        0.262435,
        0.723311,
        0.286972,
        0.683249,
        0.303485,
        0.635591,
        0.313035,
        0.573431,
        0.337619,
        0.500855,
        0.371398,
        0.45585,
        0.387865,
        0.440706,
        0.396624,
        0.406703,
        0.409739,
        0.371956,
        0.411536,
        0.323451
      ]
    }
  ],
  "images\\test\\car_2.png": [
    {
      "class_id": 0,
      "polygon": [
        0.058594,
        0.191406,
        0.055469,
        0.161719,
        0.055469,
        0.144531,
        0.069531,
        0.113281,
        0.091406,
        0.097656,
        0.130469,
        0.080469,
        0.177344,
        0.060156,
        0.260156,
        0.066406,
        0.328906,
        0.097656,
        0.377344,
        0.127344,
        0.424219,
        0.167969,
        0.414844,
        0.199219,
        0.389844,
        0.224219,
        0.325781,
        0.239844,
        0.224219,
        0.242969,
        0.167969,
        0.242969,
        0.110156,
        0.227344,
        0.071094,
        0.211719
      ]
    }
  ],
  "images\\test\\car_2_rotate-35.png": [
    {
      "class_id": 0,
      "polygon": [
        0.0,
        0.503215,
        0.0,
        0.480792,
        0.0,
        0.466764,
        0.0,
        0.433134,
        0.0,
        0.407741,
        0.0,
        0.371141,
        0.0,
        0.327476,
        0.053699,
        0.284723,
        0.127867,
        0.2705,
        0.184553,
        0.266739,
        0.246285,
        0.272808,
        0.256692,
        0.303729,
        0.250735,
        0.338579,
        0.20748,
        0.38835,
        0.126397,
        0.449589,
        0.080489,
        0.482094,
        0.024277,
        0.502749,
        0.0,
        0.51257
      ]
    }
  ],
  "images\\test\\car_2_rotate35.png": [
    {
      "class_id": 0,
      "polygon": [
        0.318075,
        0.0,
        0.33268,
        0.0,
        0.342612,
        0.0,
        0.372147,
        0.0,
        0.399029,
        0.0,
        0.440841,
        0.0,
        0.490835,
        0.0,
        0.55481,
        0.007532,
        0.592861,
        0.072764,
        0.615238,
        0.124983,
        0.630019,
        0.185226,
        0.60431,
        0.205313,
        0.56946,
        0.21127,
        0.508147,
        0.187003,
        0.423452,
        0.130865,
        0.377544,
        0.09836,
        0.33939,
        0.052201,
        0.316539,
        0.016876
      ]
    }
  ],
  "images\\test\\cat.png": [
    {
      "class_id": 1,
      "polygon": [
        0.310156,
        0.882031,
        0.288281,
        0.846094,
        0.275781,
        0.769531,
        0.219531,
        0.742969,
        0.167969,
        0.736719,
        0.258594,
        0.636719,
        0.335156,
        0.538281,
        0.360156,
        0.469531,
        0.386719,
        0.380469,
        0.397656,
        0.333594,
        0.402344,
        0.285156,
        0.400781,
        0.235156,
        0.389844,
        0.174219,
        0.382031,
        0.094531,
        0.392969,
        0.063281,
        0.425781,
        0.086719,
        0.486719,
        0.121094,
        0.535156,
        0.169531,
        0.574219,
        0.177344,
        0.641406,
        0.177344,
        0.705469,
        0.174219,
        0.753906,
        0.157031,
        0.808594,
        0.100781,
        0.877344,
        0.092969,
        0.875781,
        0.135156,
        0.853906,
        0.189844,
        0.839844,
        0.255469,
        0.833594,
        0.314844,
        0.836719,
        0.361719,
        0.833594,
        0.417969,
        0.825781,
        0.488281,
        0.853906,
        0.508594,
        0.896094,
        0.522656,
        0.933594,
        0.557031,
        0.978906,
        0.580469,
        0.961719,
        0.617969,
        0.903906,
        0.585156,
        0.864844,
        0.552344,
        0.850781,
        0.549219,
        0.900781,
        0.591406,
        0.924219,
        0.622656,
        0.927344,
        0.655469,
        0.896094,
        0.663281,
        0.880469,
        0.628906,
        0.860156,
        0.610156,
        0.835156,
        0.586719,
        0.827344,
        0.580469,
        0.835156,
        0.622656,
        0.860156,
        0.639844,
        0.914844,
        0.652344,
        0.953906,
        0.644531,
        0.991406,
        0.649219,
        1.0,
        0.672656,
        1.0,
        0.722656,
        1.0,
        0.741406,
        1.0,
        0.757031,
        1.0,
        0.755469,
        1.0,
        0.757031,
        0.957031,
        0.758594,
        0.939844,
        0.758594,
        0.938281,
        0.791406,
        0.928906,
        0.830469,
        0.896094,
        0.855469,
        0.846094,
        0.872656,
        0.800781,
        0.853906,
        0.780469,
        0.816406,
        0.767969,
        0.785156,
        0.761719,
        0.763281,
        0.700781,
        0.760156,
        0.591406,
        0.767969,
        0.482031,
        0.763281,
        0.452344,
        0.763281,
        0.460156,
        0.810156,
        0.452344,
        0.857031,
        0.414844,
        0.882031,
        0.366406,
        0.911719,
        0.333594,
        0.903906
      ]
    }
  ],
  "images\\test\\cat_rotate-35.png": [
    {
      "class_id": 1,
      "polygon": [
        0.565821,
        0.921493,
        0.527201,
        0.904803,
        0.472757,
        0.849541,
        0.4115,
        0.860367,
        0.365807,
        0.885062,
        0.381983,
        0.75108,
        0.387586,
        0.626499,
        0.368262,
        0.555943,
        0.338475,
        0.467906,
        0.320314,
        0.42333,
        0.29615,
        0.381089,
        0.265982,
        0.341185,
        0.221842,
        0.297772,
        0.169418,
        0.237251,
        0.160287,
        0.205426,
        0.20061,
        0.205594,
        0.270207,
        0.198435,
        0.337728,
        0.209977,
        0.374123,
        0.19378,
        0.428958,
        0.154955,
        0.479436,
        0.115386,
        0.509035,
        0.073369,
        0.521163,
        0.0,
        0.572758,
        0.0,
        0.595861,
        0.0,
        0.60961,
        0.042362,
        0.636055,
        0.104048,
        0.665264,
        0.156117,
        0.694902,
        0.192568,
        0.724856,
        0.240282,
        0.759111,
        0.302181,
        0.793802,
        0.302506,
        0.836359,
        0.289605,
        0.886828,
        0.29599,
        0.937353,
        0.288934,
        0.944995,
        0.329471,
        0.878851,
        0.336099,
        0.82801,
        0.331892,
        0.814727,
        0.337468,
        0.879912,
        0.343006,
        0.917099,
        0.354966,
        0.93861,
        0.37994,
        0.91762,
        0.404374,
        0.885004,
        0.385348,
        0.857592,
        0.381784,
        0.823645,
        0.377102,
        0.813657,
        0.376515,
        0.844411,
        0.406432,
        0.874747,
        0.406013,
        0.926603,
        0.384613,
        0.953968,
        0.355664,
        0.987282,
        0.33782,
        1.0,
        0.327153,
        1.0,
        0.291213,
        1.0,
        0.299292,
        1.0,
        0.317462,
        1.0,
        0.35772,
        1.0,
        0.392403,
        1.0,
        0.446949,
        1.0,
        0.456881,
        1.0,
        0.484563,
        1.0,
        0.521861,
        1.0,
        0.561226,
        0.997802,
        0.604146,
        0.949986,
        0.615027,
        0.911739,
        0.59616,
        0.883479,
        0.577879,
        0.865738,
        0.563638,
        0.814198,
        0.5963,
        0.729448,
        0.66588,
        0.637474,
        0.725257,
        0.613245,
        0.742412,
        0.646708,
        0.776154,
        0.667419,
        0.818925,
        0.65126,
        0.860998,
        0.628884,
        0.913217,
        0.59759,
        0.925802
      ]
    }
  ],
  "images\\test\\cat_rotate35.png": [
    {
      "class_id": 1,
      "polygon": [
        0.124302,
        0.702087,
        0.127215,
        0.660117,
        0.161256,
        0.590408,
        0.130698,
        0.536225,
        0.092227,
        0.501328,
        0.223975,
        0.472083,
        0.343344,
        0.435987,
        0.403475,
        0.394324,
        0.476619,
        0.336986,
        0.512633,
        0.305049,
        0.544448,
        0.268227,
        0.572066,
        0.226517,
        0.598353,
        0.170463,
        0.638024,
        0.100913,
        0.665009,
        0.081729,
        0.678245,
        0.119818,
        0.708115,
        0.183086,
        0.719656,
        0.250607,
        0.747022,
        0.279556,
        0.801856,
        0.318381,
        0.855946,
        0.352849,
        0.90541,
        0.366812,
        0.982547,
        0.352506,
        1.0,
        0.385857,
        1.0,
        0.419385,
        0.968062,
        0.451377,
        0.918664,
        0.49681,
        0.879252,
        0.541657,
        0.854716,
        0.581719,
        0.819661,
        0.625821,
        0.772654,
        0.678691,
        0.78387,
        0.711521,
        0.810175,
        0.747376,
        0.820916,
        0.797101,
        0.844354,
        0.842413,
        0.808657,
        0.863086,
        0.780435,
        0.8029,
        0.767515,
        0.753547,
        0.757844,
        0.742871,
        0.774273,
        0.806195,
        0.775343,
        0.845242,
        0.758932,
        0.873828,
        0.728914,
        0.862146,
        0.736025,
        0.825062,
        0.730282,
        0.798022,
        0.723423,
        0.764447,
        0.720658,
        0.754832,
        0.702656,
        0.793777,
        0.713127,
        0.822251,
        0.750537,
        0.864054,
        0.786931,
        0.880251,
        0.814828,
        0.905746,
        0.843366,
        0.95467,
        0.922867,
        1.0,
        0.922234,
        1.0,
        0.905553,
        1.0,
        0.847796,
        1.0,
        0.799711,
        1.0,
        0.72357,
        0.975147,
        0.709543,
        0.965215,
        0.689306,
        0.991092,
        0.659083,
        1.0,
        0.617857,
        1.0,
        0.567118,
        1.0,
        0.540971,
        0.962645,
        0.546063,
        0.920302,
        0.55392,
        0.887575,
        0.561459,
        0.86611,
        0.513532,
        0.828346,
        0.419752,
        0.771519,
        0.333196,
        0.70449,
        0.308967,
        0.687335,
        0.288256,
        0.730106,
        0.254793,
        0.763848,
        0.209741,
        0.762582,
        0.153054,
        0.758821,
        0.130789,
        0.733484
      ]
    }
  ]
}