{
  "release_name": "version_auto_2025_09_10_15_26",
  "description": "",
  "project_id": 1,
  "dataset_ids": [
    "6ec272ad-f769-4b77-9feb-07a7f6ddc4f8"
  ],
  "export_format": "yolo_segmentation",
  "task_type": "segmentation",
  "images_per_original": 3,
  "sampling_strategy": "intelligent",
  "output_format": "original",
  "include_original": true,
  "split_sections": [
    "train",
    "val",
    "test"
  ],
  "preserve_original_splits": true,
  "classes": [
    "cat",
    "dog"
  ],
  "split_counts": {
    "train": 3,
    "val": 3,
    "test": 3
  },
  "total_images": 9,
  "transformations": [
    {
      "type": "resize",
      "params": {}
    },
    {
      "type": "rotate",
      "params": {
        "angle": 33.7
      }
    }
  ]
}