{
  "images\\train\\cat.jpg": [
    {
      "class_id": 0,
      "bbox": [
        0.45125,
        0.503333,
        0.62875,
        0.925
      ]
    }
  ],
  "images\\train\\cat_flip_horizontal.jpg": [
    {
      "class_id": 12,
      "bbox": [
        0.54875,
        0.503333,
        0.62875,
        0.925
      ]
    }
  ],
  "images\\train\\cat_rotate-40.jpg": [
    {
      "class_id": 12,
      "bbox": [
        0.47163,
        0.527555,
        0.744671,
        0.767003
      ]
    }
  ],
  "images\\train\\cat_rotate-40_flip_horizontal.jpg": [
    {
      "class_id": 12,
      "bbox": [
        0.52837,
        0.527555,
        0.744671,
        0.767003
      ]
    }
  ],
  "images\\train\\cat_rotate40.jpg": [
    {
      "class_id": 12,
      "bbox": [
        0.469021,
        0.475556,
        0.744671,
        0.767003
      ]
    }
  ],
  "images\\train\\cat_rotate40_flip_horizontal.jpg": [
    {
      "class_id": 12,
      "bbox": [
        0.530979,
        0.475556,
        0.744671,
        0.767003
      ]
    }
  ],
  "images\\val\\dog.jpg": [
    {
      "class_id": 1,
      "bbox": [
        0.561875,
        0.526667,
        0.675,
        0.938333
      ]
    }
  ],
  "images\\val\\dog_flip_horizontal.jpg": [
    {
      "class_id": 1,
      "bbox": [
        0.438125,
        0.526667,
        0.675,
        0.938333
      ]
    }
  ],
  "images\\val\\dog_rotate-40.jpg": [
    {
      "class_id": 1,
      "bbox": [
        0.548098,
        0.479445,
        0.778041,
        0.797892
      ]
    }
  ],
  "images\\val\\dog_rotate-40_flip_horizontal.jpg": [
    {
      "class_id": 1,
      "bbox": [
        0.451902,
        0.479445,
        0.778041,
        0.797892
      ]
    }
  ],
  "images\\val\\dog_rotate40.jpg": [
    {
      "class_id": 1,
      "bbox": [
        0.527229,
        0.545444,
        0.778041,
        0.797892
      ]
    }
  ],
  "images\\val\\dog_rotate40_flip_horizontal.jpg": [
    {
      "class_id": 1,
      "bbox": [
        0.472771,
        0.545444,
        0.778041,
        0.797892
      ]
    }
  ],
  "images\\test\\car.jpg": [
    {
      "class_id": 1,
      "bbox": [
        0.4525,
        0.566667,
        0.57875,
        0.835
      ]
    }
  ],
  "images\\test\\car_flip_horizontal.jpg": [
    {
      "class_id": 1,
      "bbox": [
        0.5475,
        0.566667,
        0.57875,
        0.835
      ]
    }
  ],
  "images\\test\\car_rotate-40.jpg": [
    {
      "class_id": 1,
      "bbox": [
        0.497173,
        0.556445,
        0.679019,
        0.698336
      ]
    }
  ],
  "images\\test\\car_rotate-40_flip_horizontal.jpg": [
    {
      "class_id": 1,
      "bbox": [
        0.502827,
        0.556445,
        0.679019,
        0.698336
      ]
    }
  ],
  "images\\test\\car_rotate40.jpg": [
    {
      "class_id": 1,
      "bbox": [
        0.445,
        0.505779,
        0.679019,
        0.698336
      ]
    }
  ],
  "images\\test\\car_rotate40_flip_horizontal.jpg": [
    {
      "class_id": 1,
      "bbox": [
        0.555,
        0.505779,
        0.679019,
        0.698336
      ]
    }
  ]
}