{
  "release_name": "segmentation",
  "description": "",
  "project_id": 1,
  "dataset_ids": [
    "1c62d270-2df3-4568-986d-0cff06cd7e7d"
  ],
  "export_format": "yolo_segmentation",
  "task_type": "segmentation",
  "images_per_original": 3,
  "sampling_strategy": "intelligent",
  "output_format": "png",
  "include_original": true,
  "split_sections": [
    "train",
    "val",
    "test"
  ],
  "preserve_original_splits": true,
  "classes": [
    "car",
    "green car",
    "orange car",
    "red-car"
  ],
  "split_counts": {
    "train": 6,
    "val": 6,
    "test": 3
  },
  "total_images": 15,
  "transformations": [
    {
      "type": "resize",
      "params": {}
    },
    {
      "type": "brightness",
      "params": {
        "percentage": 50
      }
    }
  ]
}