{
  "images\\train\\car.png": [
    {
      "class_id": 2,
      "bbox": [
        0.211719,
        0.935156,
        0.207031,
        0.885156
      ]
    }
  ],
  "images\\train\\car_1.png": [
    {
      "class_id": 4,
      "bbox": [
        0.132639,
        0.135764,
        0.199306,
        0.080903
      ]
    }
  ],
  "images\\train\\car_1_rotate-27.png": [
    {
      "class_id": 4,
      "bbox": [
        0.0065,
        0.344824,
        0.040579,
        0.265496
      ]
    }
  ],
  "images\\train\\car_1_rotate27.png": [
    {
      "class_id": 4,
      "bbox": [
        0.340613,
        0.007844,
        0.425016,
        0.0
      ]
    }
  ],
  "images\\train\\car_4.png": [
    {
      "class_id": 5,
      "bbox": [
        0.277486,
        0.20067,
        0.233736,
        0.208483
      ]
    }
  ],
  "images\\train\\car_4_rotate-27.png": [
    {
      "class_id": 5,
      "bbox": [
        0.164983,
        0.336066,
        0.129689,
        0.363075
      ]
    }
  ],
  "images\\train\\car_4_rotate27.png": [
    {
      "class_id": 5,
      "bbox": [
        0.439558,
        0.131954,
        0.397097,
        0.118831
      ]
    }
  ],
  "images\\train\\car_rotate-27.png": [
    {
      "class_id": 2,
      "bbox": [
        0.443413,
        1.0,
        0.416315,
        0.976626
      ]
    }
  ],
  "images\\train\\car_rotate27.png": [
    {
      "class_id": 2,
      "bbox": [
        0.044244,
        0.754467,
        0.063011,
        0.707886
      ]
    }
  ],
  "images\\val\\car_3.png": [
    {
      "class_id": 4,
      "bbox": [
        0.165767,
        0.220202,
        0.132955,
        0.196764
      ]
    }
  ],
  "images\\val\\car_3_rotate-27.png": [
    {
      "class_id": 4,
      "bbox": [
        0.074665,
        0.404662,
        0.034758,
        0.398885
      ]
    }
  ],
  "images\\val\\car_3_rotate27.png": [
    {
      "class_id": 4,
      "bbox": [
        0.331324,
        0.098071,
        0.312916,
        0.062194
      ]
    }
  ],
  "images\\val\\car_5.png": [
    {
      "class_id": 3,
      "bbox": [
        0.064986,
        0.191295,
        0.055611,
        0.145983
      ]
    }
  ],
  "images\\val\\car_5_rotate-27.png": [
    {
      "class_id": 3,
      "bbox": [
        0.0,
        0.425199,
        0.0,
        0.389233
      ]
    }
  ],
  "images\\val\\car_5_rotate27.png": [
    {
      "class_id": 3,
      "bbox": [
        0.255026,
        0.026161,
        0.267478,
        0.0
      ]
    }
  ],
  "images\\val\\dog.png": [
    {
      "class_id": 2,
      "bbox": [
        0.305469,
        0.369531,
        0.280469,
        0.324219
      ]
    }
  ],
  "images\\val\\dog_rotate-27.png": [
    {
      "class_id": 2,
      "bbox": [
        0.267297,
        0.473285,
        0.224299,
        0.444486
      ]
    }
  ],
  "images\\val\\dog_rotate27.png": [
    {
      "class_id": 2,
      "bbox": [
        0.386976,
        0.294842,
        0.385543,
        0.24311
      ]
    }
  ],
  "images\\test\\car_2.png": [
    {
      "class_id": 0,
      "bbox": [
        0.058594,
        0.191406,
        0.055469,
        0.161719
      ]
    }
  ],
  "images\\test\\car_2_rotate-27.png": [
    {
      "class_id": 0,
      "bbox": [
        0.0,
        0.428229,
        0.0,
        0.403282
      ]
    }
  ],
  "images\\test\\car_2_rotate27.png": [
    {
      "class_id": 0,
      "bbox": [
        0.249295,
        0.023327,
        0.260134,
        0.0
      ]
    }
  ],
  "images\\test\\cat.png": [
    {
      "class_id": 1,
      "bbox": [
        0.310156,
        0.882031,
        0.288281,
        0.846094
      ]
    }
  ],
  "images\\test\\cat_rotate-27.png": [
    {
      "class_id": 1,
      "bbox": [
        0.50652,
        0.926551,
        0.470599,
        0.90465
      ]
    }
  ],
  "images\\test\\cat_rotate27.png": [
    {
      "class_id": 1,
      "bbox": [
        0.156083,
        0.752408,
        0.153127,
        0.71044
      ]
    }
  ]
}