{
  "release_name": "full tools",
  "description": "",
  "project_id": 1,
  "dataset_ids": [
    "1c62d270-2df3-4568-986d-0cff06cd7e7d"
  ],
  "export_format": "yolo_segmentation",
  "task_type": "segmentation",
  "images_per_original": 29,
  "sampling_strategy": "intelligent",
  "output_format": "png",
  "include_original": true,
  "split_sections": [
    "train",
    "val",
    "test"
  ],
  "preserve_original_splits": true,
  "classes": [
    "car",
    "green car",
    "orange car",
    "red-car"
  ],
  "split_counts": {
    "train": 58,
    "val": 58,
    "test": 29
  },
  "total_images": 145,
  "transformations": [
    {
      "type": "resize",
      "params": {
        "width": 800,
        "height": 800
      }
    },
    {
      "type": "rotate",
      "params": {
        "angle": 38.5
      }
    },
    {
      "type": "brightness",
      "params": {
        "percentage": 15
      }
    },
    {
      "type": "flip",
      "params": {
        "vertical": false,
        "horizontal": true
      }
    },
    {
      "type": "crop",
      "params": {
        "crop_percentage": 81
      }
    },
    {
      "type": "clahe",
      "params": {
        "grid_size": 9,
        "clip_limit": 2.3
      }
    },
    {
      "type": "perspective_warp",
      "params": {
        "distortion_strength": 27
      }
    }
  ]
}