{
  "images\\train\\cat.jpg": [
    {
      "class_id": 0,
      "bbox": [
        0.45125,
        0.503333,
        0.62875,
        0.925
      ]
    }
  ],
  "images\\train\\cat_crop80.jpg": [
    {
      "class_id": 12,
      "bbox": [
        0.5,
        0.484896,
        0.785937,
        0.969792
      ]
    }
  ],
  "images\\train\\cat_crop80_flip_both.jpg": [
    {
      "class_id": 12,
      "bbox": [
        0.5,
        0.5,
        0.785937,
        1.0
      ]
    }
  ],
  "images\\train\\cat_flip_both.jpg": [
    {
      "class_id": 12,
      "bbox": [
        0.54875,
        0.496667,
        0.62875,
        0.925
      ]
    }
  ],
  "images\\val\\dog.jpg": [
    {
      "class_id": 1,
      "bbox": [
        0.561875,
        0.526667,
        0.675,
        0.938333
      ]
    }
  ],
  "images\\val\\dog_crop80.jpg": [
    {
      "class_id": 1,
      "bbox": [
        0.477344,
        0.5,
        0.84375,
        1.0
      ]
    }
  ],
  "images\\val\\dog_crop80_flip_both.jpg": [
    {
      "class_id": 1,
      "bbox": [
        0.541406,
        0.5,
        0.84375,
        1.0
      ]
    }
  ],
  "images\\val\\dog_flip_both.jpg": [
    {
      "class_id": 1,
      "bbox": [
        0.438125,
        0.473333,
        0.675,
        0.938333
      ]
    }
  ],
  "images\\test\\car.jpg": [
    {
      "class_id": 1,
      "bbox": [
        0.4525,
        0.566667,
        0.57875,
        0.835
      ]
    }
  ],
  "images\\test\\car_crop80.jpg": [
    {
      "class_id": 1,
      "bbox": [
        0.476562,
        0.573438,
        0.723437,
        0.853125
      ]
    }
  ],
  "images\\test\\car_crop80_flip_both.jpg": [
    {
      "class_id": 1,
      "bbox": [
        0.578125,
        0.5,
        0.723437,
        1.0
      ]
    }
  ],
  "images\\test\\car_flip_both.jpg": [
    {
      "class_id": 1,
      "bbox": [
        0.5475,
        0.433333,
        0.57875,
        0.835
      ]
    }
  ]
}