{
  "release_name": "version_auto_2025_09_23_09_51",
  "description": "",
  "project_id": 1,
  "dataset_ids": [
    "7c2978c8-d056-46da-8baa-8d37258021d4"
  ],
  "export_format": "yolo_detection",
  "task_type": "object_detection",
  "images_per_original": 4,
  "sampling_strategy": "intelligent",
  "output_format": "original",
  "include_original": true,
  "split_sections": [
    "train",
    "val",
    "test"
  ],
  "preserve_original_splits": true,
  "classes": [
    "cat",
    "dog"
  ],
  "split_counts": {
    "train": 4,
    "val": 4,
    "test": 4
  },
  "total_images": 12,
  "transformations": [
    {
      "type": "resize",
      "params": {
        "width": 400,
        "height": 400,
        "resize_mode": "fit_within"
      }
    },
    {
      "type": "crop",
      "params": {
        "crop_percentage": 80,
        "crop_mode": "random"
      }
    },
    {
      "type": "flip",
      "params": {
        "horizontal": true,
        "vertical": true
      }
    }
  ]
}