{
  "images\\train\\car.jpg": [
    {
      "class_id": 1,
      "bbox": [
        0.454375,
        0.441875,
        0.5775,
        0.6125
      ]
    }
  ],
  "images\\train\\car_crop.jpg": [
    {
      "class_id": 1,
      "bbox": [
        0.454375,
        0.441875,
        0.5775,
        0.6125
      ]
    }
  ],
  "images\\train\\car_rotate-35.jpg": [
    {
      "class_id": 1,
      "bbox": [
        0.429176,
        0.478927,
        0.825257,
        0.833597
      ]
    }
  ],
  "images\\train\\car_rotate-35_crop.jpg": [
    {
      "class_id": 1,
      "bbox": [
        0.429176,
        0.478927,
        0.825257,
        0.833597
      ]
    }
  ],
  "images\\train\\car_rotate35.jpg": [
    {
      "class_id": 1,
      "bbox": [
        0.496352,
        0.426197,
        0.825257,
        0.833597
      ]
    }
  ],
  "images\\train\\car_rotate35_crop.jpg": [
    {
      "class_id": 1,
      "bbox": [
        0.496352,
        0.426197,
        0.825257,
        0.833597
      ]
    }
  ],
  "images\\val\\dog.jpg": [
    {
      "class_id": 1,
      "bbox": [
        0.5525,
        0.396875,
        0.65625,
        0.7
      ]
    }
  ],
  "images\\val\\dog_crop.jpg": [
    {
      "class_id": 1,
      "bbox": [
        0.5525,
        0.396875,
        0.65625,
        0.7
      ]
    }
  ],
  "images\\val\\dog_rotate-35.jpg": [
    {
      "class_id": 1,
      "bbox": [
        0.483256,
        0.430378,
        0.940091,
        0.860756
      ]
    }
  ],
  "images\\val\\dog_rotate-35_crop.jpg": [
    {
      "class_id": 1,
      "bbox": [
        0.483256,
        0.430378,
        0.940091,
        0.860756
      ]
    }
  ],
  "images\\val\\dog_rotate35.jpg": [
    {
      "class_id": 1,
      "bbox": [
        0.566197,
        0.460716,
        0.867607,
        0.921431
      ]
    }
  ],
  "images\\val\\dog_rotate35_crop.jpg": [
    {
      "class_id": 1,
      "bbox": [
        0.566197,
        0.460716,
        0.867607,
        0.921431
      ]
    }
  ],
  "images\\test\\cat.jpg": [
    {
      "class_id": 0,
      "bbox": [
        0.5425,
        0.39,
        0.81625,
        0.67875
      ]
    }
  ],
  "images\\test\\cat_crop.jpg": [
    {
      "class_id": 0,
      "bbox": [
        0.5425,
        0.39,
        0.81625,
        0.67875
      ]
    }
  ],
  "images\\test\\cat_rotate-35.jpg": [
    {
      "class_id": 0,
      "bbox": [
        0.5,
        0.44924,
        1.0,
        0.898481
      ]
    }
  ],
  "images\\test\\cat_rotate-35_crop.jpg": [
    {
      "class_id": 0,
      "bbox": [
        0.5,
        0.44924,
        1.0,
        0.898481
      ]
    }
  ],
  "images\\test\\cat_rotate35.jpg": [
    {
      "class_id": 0,
      "bbox": [
        0.534527,
        0.473799,
        0.930946,
        0.947599
      ]
    }
  ],
  "images\\test\\cat_rotate35_crop.jpg": [
    {
      "class_id": 0,
      "bbox": [
        0.534527,
        0.473799,
        0.930946,
        0.947599
      ]
    }
  ]
}