{
  "release_name": "version_auto_2025_09_20_18_55",
  "description": "",
  "project_id": 1,
  "dataset_ids": [
    "1c62d270-2df3-4568-986d-0cff06cd7e7d",
    "6ec272ad-f769-4b77-9feb-07a7f6ddc4f8"
  ],
  "export_format": "yolo_detection",
  "task_type": "object_detection",
  "images_per_original": 4,
  "sampling_strategy": "intelligent",
  "output_format": "original",
  "include_original": true,
  "split_sections": [
    "train",
    "val",
    "test"
  ],
  "preserve_original_splits": true,
  "classes": [
    "car",
    "cat",
    "cat eye",
    "dog",
    "dog eye",
    "green car",
    "orange car",
    "red-car"
  ],
  "split_counts": {
    "train": 12,
    "val": 8,
    "test": 12
  },
  "total_images": 32,
  "transformations": [
    {
      "type": "resize",
      "params": {
        "width": 500,
        "height": 500,
        "resize_mode": "fit_black_edges"
      }
    },
    {
      "type": "flip",
      "params": {
        "horizontal": true
      }
    },
    {
      "type": "noise",
      "params": {
        "strength": 50
      }
    }
  ]
}