{
  "images\\train\\cat.jpg": [
    {
      "class_id": 0,
      "polygon": [
        0.260625,
        0.959167,
        0.234375,
        0.929167,
        0.225625,
        0.844167,
        0.200625,
        0.8075,
        0.136875,
        0.8075,
        0.149375,
        0.7375,
        0.248125,
        0.575833,
        0.285625,
        0.509167,
        0.313125,
        0.360833,
        0.306875,
        0.280833,
        0.295625,
        0.110833,
        0.330625,
        0.040833,
        0.378125,
        0.1025,
        0.420625,
        0.170833,
        0.481875,
        0.179167,
        0.535625,
        0.179167,
        0.581875,
        0.174167,
        0.643125,
        0.134167,
        0.673125,
        0.1025,
        0.700625,
        0.095833,
        0.689375,
        0.175833,
        0.669375,
        0.275833,
        0.665625,
        0.334167,
        0.675625,
        0.410833,
        0.669375,
        0.505833,
        0.663125,
        0.5725,
        0.703125,
        0.650833,
        0.740625,
        0.709167,
        0.765625,
        0.7975,
        0.746875,
        0.890833,
        0.698125,
        0.9325,
        0.631875,
        0.885833,
        0.595625,
        0.820833,
        0.568125,
        0.804167,
        0.423125,
        0.814167,
        0.359375,
        0.819167,
        0.361875,
        0.915833,
        0.296875,
        0.965833
      ]
    }
  ],
  "images\\train\\cat_crop50.jpg": [
    {
      "class_id": 12,
      "polygon": [
        0.02125,
        1.0,
        0.0,
        1.0,
        0.0,
        1.0,
        0.0,
        1.0,
        0.0,
        1.0,
        0.0,
        0.975,
        0.0,
        0.651667,
        0.07125,
        0.518333,
        0.12625,
        0.221667,
        0.11375,
        0.061667,
        0.09125,
        0.0,
        0.16125,
        0.0,
        0.25625,
        0.0,
        0.34125,
        0.0,
        0.46375,
        0.0,
        0.57125,
        0.0,
        0.66375,
        0.0,
        0.78625,
        0.0,
        0.84625,
        0.0,
        0.90125,
        0.0,
        0.87875,
        0.0,
        0.83875,
        0.051667,
        0.83125,
        0.168333,
        0.85125,
        0.321667,
        0.83875,
        0.511667,
        0.82625,
        0.645,
        0.90625,
        0.801667,
        0.98125,
        0.918333,
        1.0,
        1.0,
        0.99375,
        1.0,
        0.89625,
        1.0,
        0.76375,
        1.0,
        0.69125,
        1.0,
        0.63625,
        1.0,
        0.34625,
        1.0,
        0.21875,
        1.0,
        0.22375,
        1.0,
        0.09375,
        1.0
      ]
    }
  ],
  "images\\val\\dog.jpg": [
    {
      "class_id": 1,
      "polygon": [
        0.368125,
        0.995833,
        0.370625,
        0.9375,
        0.343125,
        0.905833,
        0.336875,
        0.810833,
        0.326875,
        0.744167,
        0.300625,
        0.654167,
        0.299375,
        0.579167,
        0.284375,
        0.5025,
        0.259375,
        0.4625,
        0.230625,
        0.4075,
        0.224375,
        0.3675,
        0.231875,
        0.314167,
        0.270625,
        0.2675,
        0.290625,
        0.235833,
        0.326875,
        0.130833,
        0.348125,
        0.1025,
        0.395625,
        0.0725,
        0.443125,
        0.0575,
        0.506875,
        0.0575,
        0.553125,
        0.0625,
        0.614375,
        0.0675,
        0.668125,
        0.1325,
        0.723125,
        0.194167,
        0.761875,
        0.2525,
        0.774375,
        0.314167,
        0.785625,
        0.394167,
        0.791875,
        0.4425,
        0.793125,
        0.4875,
        0.766875,
        0.540833,
        0.755625,
        0.585833,
        0.800625,
        0.675833,
        0.818125,
        0.710833,
        0.863125,
        0.595833,
        0.889375,
        0.619167,
        0.899375,
        0.675833,
        0.876875,
        0.7575,
        0.844375,
        0.810833,
        0.835625,
        0.879167,
        0.845625,
        0.954167,
        0.860625,
        0.990833,
        0.860625,
        0.9925,
        0.860625,
        0.9925
      ]
    }
  ],
  "images\\val\\dog_crop50.jpg": [
    {
      "class_id": 1,
      "polygon": [
        0.23625,
        1.0,
        0.24125,
        1.0,
        0.18625,
        1.0,
        0.17375,
        1.0,
        0.15375,
        0.988333,
        0.10125,
        0.808333,
        0.09875,
        0.658333,
        0.06875,
        0.505,
        0.01875,
        0.425,
        0.0,
        0.315,
        0.0,
        0.235,
        0.0,
        0.128333,
        0.04125,
        0.035,
        0.08125,
        0.0,
        0.15375,
        0.0,
        0.19625,
        0.0,
        0.29125,
        0.0,
        0.38625,
        0.0,
        0.51375,
        0.0,
        0.60625,
        0.0,
        0.72875,
        0.0,
        0.83625,
        0.0,
        0.94625,
        0.0,
        1.0,
        0.005,
        1.0,
        0.128333,
        1.0,
        0.288333,
        1.0,
        0.385,
        1.0,
        0.475,
        1.0,
        0.581667,
        1.0,
        0.671667,
        1.0,
        0.851667,
        1.0,
        0.921667,
        1.0,
        0.691667,
        1.0,
        0.738333,
        1.0,
        0.851667,
        1.0,
        1.0,
        1.0,
        1.0,
        1.0,
        1.0,
        1.0,
        1.0,
        1.0,
        1.0,
        1.0,
        1.0,
        1.0,
        1.0
      ]
    }
  ],
  "images\\test\\car.jpg": [
    {
      "class_id": 1,
      "polygon": [
        0.179375,
        0.9825,
        0.163125,
        0.930833,
        0.170625,
        0.860833,
        0.196875,
        0.730833,
        0.261875,
        0.5975,
        0.256875,
        0.545833,
        0.296875,
        0.4825,
        0.338125,
        0.4175,
        0.408125,
        0.375833,
        0.401875,
        0.3025,
        0.449375,
        0.2225,
        0.496875,
        0.224167,
        0.548125,
        0.3425,
        0.575625,
        0.3575,
        0.601875,
        0.240833,
        0.643125,
        0.149167,
        0.690625,
        0.239167,
        0.679375,
        0.325833,
        0.678125,
        0.3625,
        0.694375,
        0.399167,
        0.723125,
        0.465833,
        0.741875,
        0.545833,
        0.738125,
        0.660833,
        0.651875,
        0.685833,
        0.588125,
        0.714167,
        0.584375,
        0.799167,
        0.613125,
        0.9075,
        0.621875,
        0.984167
      ]
    }
  ],
  "images\\test\\car_crop50.jpg": [
    {
      "class_id": 1,
      "polygon": [
        0.0,
        1.0,
        0.0,
        1.0,
        0.0,
        1.0,
        0.0,
        0.961667,
        0.02375,
        0.695,
        0.01375,
        0.591667,
        0.09375,
        0.465,
        0.17625,
        0.335,
        0.31625,
        0.251667,
        0.30375,
        0.105,
        0.39875,
        0.0,
        0.49375,
        0.0,
        0.59625,
        0.185,
        0.65125,
        0.215,
        0.70375,
        0.0,
        0.78625,
        0.0,
        0.88125,
        0.0,
        0.85875,
        0.151667,
        0.85625,
        0.225,
        0.88875,
        0.298333,
        0.94625,
        0.431667,
        0.98375,
        0.591667,
        0.97625,
        0.821667,
        0.80375,
        0.871667,
        0.67625,
        0.928333,
        0.66875,
        1.0,
        0.72625,
        1.0,
        0.74375,
        1.0
      ]
    }
  ]
}