{
  "images\\train\\car.jpg": [
    {
      "class_id": 1,
      "bbox": [
        0.567969,
        0.552344,
        0.721875,
        0.765625
      ]
    }
  ],
  "images\\train\\car_rotate-53.jpg": [
    {
      "class_id": 1,
      "bbox": [
        0.530043,
        0.497173,
        0.939914,
        0.994346
      ]
    }
  ],
  "images\\train\\car_rotate53.jpg": [
    {
      "class_id": 1,
      "bbox": [
        0.5,
        0.533962,
        1.0,
        0.932075
      ]
    }
  ],
  "images\\val\\dog.jpg": [
    {
      "class_id": 1,
      "bbox": [
        0.690625,
        0.496094,
        0.820312,
        0.875
      ]
    }
  ],
  "images\\val\\dog_rotate-53.jpg": [
    {
      "class_id": 1,
      "bbox": [
        0.507295,
        0.467192,
        0.98541,
        0.934383
      ]
    }
  ],
  "images\\val\\dog_rotate53.jpg": [
    {
      "class_id": 1,
      "bbox": [
        0.510435,
        0.530485,
        0.97913,
        0.93903
      ]
    }
  ],
  "images\\test\\cat.jpg": [
    {
      "class_id": 0,
      "bbox": [
        0.678125,
        0.4875,
        1.0,
        0.848437
      ]
    }
  ],
  "images\\test\\cat_rotate-53.jpg": [
    {
      "class_id": 0,
      "bbox": [
        0.5,
        0.5,
        1.0,
        1.0
      ]
    }
  ],
  "images\\test\\cat_rotate53.jpg": [
    {
      "class_id": 0,
      "bbox": [
        0.5,
        0.5,
        1.0,
        1.0
      ]
    }
  ]
}