{
  "images\\train\\cat.jpg": [
    {
      "class_id": 0,
      "polygon": [
        0.260625,
        0.959167,
        0.234375,
        0.929167,
        0.225625,
        0.844167,
        0.200625,
        0.8075,
        0.136875,
        0.8075,
        0.149375,
        0.7375,
        0.248125,
        0.575833,
        0.285625,
        0.509167,
        0.313125,
        0.360833,
        0.306875,
        0.280833,
        0.295625,
        0.110833,
        0.330625,
        0.040833,
        0.378125,
        0.1025,
        0.420625,
        0.170833,
        0.481875,
        0.179167,
        0.535625,
        0.179167,
        0.581875,
        0.174167,
        0.643125,
        0.134167,
        0.673125,
        0.1025,
        0.700625,
        0.095833,
        0.689375,
        0.175833,
        0.669375,
        0.275833,
        0.665625,
        0.334167,
        0.675625,
        0.410833,
        0.669375,
        0.505833,
        0.663125,
        0.5725,
        0.703125,
        0.650833,
        0.740625,
        0.709167,
        0.765625,
        0.7975,
        0.746875,
        0.890833,
        0.698125,
        0.9325,
        0.631875,
        0.885833,
        0.595625,
        0.820833,
        0.568125,
        0.804167,
        0.423125,
        0.814167,
        0.359375,
        0.819167,
        0.361875,
        0.915833,
        0.296875,
        0.965833
      ]
    }
  ],
  "images\\train\\cat_affine_transform.jpg": [
    {
      "class_id": 12,
      "polygon": [
        0.331993,
        1.0,
        0.305793,
        1.0,
        0.300356,
        1.0,
        0.275759,
        0.966913,
        0.208926,
        0.961931,
        0.225107,
        0.889522,
        0.33574,
        0.727754,
        0.377984,
        0.660794,
        0.413335,
        0.507436,
        0.410299,
        0.423079,
        0.405978,
        0.243978,
        0.445748,
        0.173328,
        0.492835,
        0.241689,
        0.534386,
        0.316648,
        0.598232,
        0.330171,
        0.654581,
        0.334372,
        0.703288,
        0.332745,
        0.769259,
        0.295597,
        0.802102,
        0.264743,
        0.831225,
        0.259903,
        0.815914,
        0.342893,
        0.790551,
        0.446166,
        0.784055,
        0.507028,
        0.791168,
        0.588184,
        0.78044,
        0.68729,
        0.770957,
        0.756692,
        0.809448,
        0.84194,
        0.846197,
        0.906025,
        0.868523,
        1.0,
        0.844764,
        1.0,
        0.791824,
        1.0,
        0.724422,
        1.0,
        0.689276,
        1.0,
        0.661179,
        0.992139,
        0.508726,
        0.991291,
        0.441673,
        0.99155,
        0.440045,
        1.0,
        0.369703,
        1.0
      ]
    }
  ],
  "images\\train\\cat_crop74.jpg": [
    {
      "class_id": 12,
      "polygon": [
        0.260625,
        0.959167,
        0.234375,
        0.929167,
        0.225625,
        0.844167,
        0.200625,
        0.8075,
        0.136875,
        0.8075,
        0.149375,
        0.7375,
        0.248125,
        0.575833,
        0.285625,
        0.509167,
        0.313125,
        0.360833,
        0.306875,
        0.280833,
        0.295625,
        0.110833,
        0.330625,
        0.040833,
        0.378125,
        0.1025,
        0.420625,
        0.170833,
        0.481875,
        0.179167,
        0.535625,
        0.179167,
        0.581875,
        0.174167,
        0.643125,
        0.134167,
        0.673125,
        0.1025,
        0.700625,
        0.095833,
        0.689375,
        0.175833,
        0.669375,
        0.275833,
        0.665625,
        0.334167,
        0.675625,
        0.410833,
        0.669375,
        0.505833,
        0.663125,
        0.5725,
        0.703125,
        0.650833,
        0.740625,
        0.709167,
        0.765625,
        0.7975,
        0.746875,
        0.890833,
        0.698125,
        0.9325,
        0.631875,
        0.885833,
        0.595625,
        0.820833,
        0.568125,
        0.804167,
        0.423125,
        0.814167,
        0.359375,
        0.819167,
        0.361875,
        0.915833,
        0.296875,
        0.965833
      ]
    }
  ],
  "images\\train\\cat_rotate-40.jpg": [
    {
      "class_id": 12,
      "polygon": [
        0.54236,
        1.0,
        0.507787,
        1.0,
        0.459656,
        0.999391,
        0.422778,
        0.993243,
        0.374374,
        1.0,
        0.3497,
        0.984564,
        0.345771,
        0.77613,
        0.341705,
        0.692973,
        0.290187,
        0.556486,
        0.246395,
        0.501167,
        0.154879,
        0.381853,
        0.147288,
        0.298334,
        0.213452,
        0.30394,
        0.279073,
        0.318947,
        0.329646,
        0.272127,
        0.370456,
        0.225489,
        0.403132,
        0.181561,
        0.430115,
        0.098044,
        0.437437,
        0.047969,
        0.455063,
        0.019046,
        0.485568,
        0.089549,
        0.51919,
        0.18283,
        0.544814,
        0.230375,
        0.589826,
        0.279909,
        0.631449,
        0.357463,
        0.659242,
        0.413504,
        0.727846,
        0.438272,
        0.78479,
        0.450024,
        0.846885,
        0.495401,
        0.878203,
        0.582535,
        0.861526,
        0.656472,
        0.788447,
        0.678524,
        0.729198,
        0.660626,
        0.700183,
        0.671833,
        0.59497,
        0.805242,
        0.549007,
        0.864354,
        0.598086,
        0.935581,
        0.573137,
        1.0
      ]
    }
  ],
  "images\\train\\cat_rotate-40_affine_transform.jpg": [
    {
      "class_id": 12,
      "polygon": [
        0.623082,
        1.0,
        0.586837,
        1.0,
        0.538882,
        1.0,
        0.50049,
        1.0,
        0.447314,
        1.0,
        0.424259,
        1.0,
        0.429304,
        0.945369,
        0.428697,
        0.857873,
        0.380686,
        0.710759,
        0.337208,
        0.649342,
        0.246512,
        0.517105,
        0.242225,
        0.428955,
        0.311342,
        0.440002,
        0.379477,
        0.460863,
        0.434554,
        0.415731,
        0.479389,
        0.370026,
        0.515576,
        0.326528,
        0.547534,
        0.24108,
        0.557412,
        0.189156,
        0.577162,
        0.160211,
        0.606043,
        0.236508,
        0.637191,
        0.336928,
        0.661964,
        0.388775,
        0.706976,
        0.444222,
        0.747202,
        0.528779,
        0.773876,
        0.589703,
        0.844709,
        0.621031,
        0.90389,
        0.637801,
        0.966994,
        0.690225,
        0.995996,
        0.784021,
        0.975261,
        0.86023,
        0.897679,
        0.877638,
        0.836351,
        0.854244,
        0.805441,
        0.863725,
        0.689274,
        0.995364,
        0.63849,
        1.0,
        0.686812,
        1.0,
        0.656508,
        1.0
      ]
    }
  ],
  "images\\train\\cat_rotate-40_crop74.jpg": [
    {
      "class_id": 12,
      "polygon": [
        0.54236,
        1.0,
        0.507787,
        1.0,
        0.459656,
        0.999391,
        0.422778,
        0.993243,
        0.374374,
        1.0,
        0.3497,
        0.984564,
        0.345771,
        0.77613,
        0.341705,
        0.692973,
        0.290187,
        0.556486,
        0.246395,
        0.501167,
        0.154879,
        0.381853,
        0.147288,
        0.298334,
        0.213452,
        0.30394,
        0.279073,
        0.318947,
        0.329646,
        0.272127,
        0.370456,
        0.225489,
        0.403132,
        0.181561,
        0.430115,
        0.098044,
        0.437437,
        0.047969,
        0.455063,
        0.019046,
        0.485568,
        0.089549,
        0.51919,
        0.18283,
        0.544814,
        0.230375,
        0.589826,
        0.279909,
        0.631449,
        0.357463,
        0.659242,
        0.413504,
        0.727846,
        0.438272,
        0.78479,
        0.450024,
        0.846885,
        0.495401,
        0.878203,
        0.582535,
        0.861526,
        0.656472,
        0.788447,
        0.678524,
        0.729198,
        0.660626,
        0.700183,
        0.671833,
        0.59497,
        0.805242,
        0.549007,
        0.864354,
        0.598086,
        0.935581,
        0.573137,
        1.0
      ]
    }
  ],
  "images\\train\\cat_rotate40.jpg": [
    {
      "class_id": 12,
      "polygon": [
        0.094139,
        0.640927,
        0.088851,
        0.595371,
        0.123694,
        0.523241,
        0.122608,
        0.473709,
        0.074205,
        0.418393,
        0.117861,
        0.37609,
        0.271746,
        0.339026,
        0.332757,
        0.320947,
        0.426036,
        0.232184,
        0.460337,
        0.166019,
        0.534769,
        0.027181,
        0.595509,
        0.004401,
        0.601476,
        0.092439,
        0.600393,
        0.1812,
        0.642831,
        0.240673,
        0.683642,
        0.287312,
        0.721198,
        0.323647,
        0.787227,
        0.346423,
        0.825461,
        0.34841,
        0.849595,
        0.36721,
        0.802006,
        0.41819,
        0.738013,
        0.476763,
        0.706694,
        0.5178,
        0.676868,
        0.584688,
        0.625754,
        0.651396,
        0.58847,
        0.696591,
        0.580608,
        0.790775,
        0.580609,
        0.867604,
        0.556477,
        0.956366,
        0.496687,
        1.0,
        0.439336,
        1.0,
        0.411811,
        0.90738,
        0.416013,
        0.826573,
        0.403267,
        0.790057,
        0.288292,
        0.671833,
        0.237448,
        0.620314,
        0.192165,
        0.695879,
        0.118409,
        0.677443
      ]
    }
  ],
  "images\\train\\cat_rotate40_affine_transform.jpg": [
    {
      "class_id": 12,
      "polygon": [
        0.171445,
        0.783962,
        0.167904,
        0.73579,
        0.207603,
        0.662894,
        0.208642,
        0.610882,
        0.160329,
        0.549108,
        0.207957,
        0.508171,
        0.370913,
        0.481341,
        0.43567,
        0.467155,
        0.537362,
        0.381389,
        0.57623,
        0.314704,
        0.660365,
        0.174969,
        0.725044,
        0.155835,
        0.72743,
        0.248596,
        0.722392,
        0.341565,
        0.764268,
        0.407232,
        0.805003,
        0.459315,
        0.842778,
        0.500342,
        0.910999,
        0.52938,
        0.950995,
        0.534451,
        0.975469,
        0.556046,
        0.923339,
        0.605773,
        0.853675,
        0.662178,
        0.819038,
        0.702752,
        0.784828,
        0.770544,
        0.728311,
        0.836483,
        0.687237,
        0.88095,
        0.674854,
        0.979075,
        0.671478,
        1.0,
        0.642277,
        1.0,
        0.577195,
        1.0,
        0.517539,
        1.0,
        0.492768,
        1.0,
        0.500725,
        1.0,
        0.488968,
        0.964463,
        0.37363,
        0.831536,
        0.322592,
        0.773552,
        0.271797,
        0.849233,
        0.195284,
        0.82414
      ]
    }
  ],
  "images\\train\\cat_rotate40_crop74.jpg": [
    {
      "class_id": 12,
      "polygon": [
        0.094139,
        0.640927,
        0.088851,
        0.595371,
        0.123694,
        0.523241,
        0.122608,
        0.473709,
        0.074205,
        0.418393,
        0.117861,
        0.37609,
        0.271746,
        0.339026,
        0.332757,
        0.320947,
        0.426036,
        0.232184,
        0.460337,
        0.166019,
        0.534769,
        0.027181,
        0.595509,
        0.004401,
        0.601476,
        0.092439,
        0.600393,
        0.1812,
        0.642831,
        0.240673,
        0.683642,
        0.287312,
        0.721198,
        0.323647,
        0.787227,
        0.346423,
        0.825461,
        0.34841,
        0.849595,
        0.36721,
        0.802006,
        0.41819,
        0.738013,
        0.476763,
        0.706694,
        0.5178,
        0.676868,
        0.584688,
        0.625754,
        0.651396,
        0.58847,
        0.696591,
        0.580608,
        0.790775,
        0.580609,
        0.867604,
        0.556477,
        0.956366,
        0.496687,
        1.0,
        0.439336,
        1.0,
        0.411811,
        0.90738,
        0.416013,
        0.826573,
        0.403267,
        0.790057,
        0.288292,
        0.671833,
        0.237448,
        0.620314,
        0.192165,
        0.695879,
        0.118409,
        0.677443
      ]
    }
  ],
  "images\\val\\dog.jpg": [
    {
      "class_id": 1,
      "polygon": [
        0.368125,
        0.995833,
        0.370625,
        0.9375,
        0.343125,
        0.905833,
        0.336875,
        0.810833,
        0.326875,
        0.744167,
        0.300625,
        0.654167,
        0.299375,
        0.579167,
        0.284375,
        0.5025,
        0.259375,
        0.4625,
        0.230625,
        0.4075,
        0.224375,
        0.3675,
        0.231875,
        0.314167,
        0.270625,
        0.2675,
        0.290625,
        0.235833,
        0.326875,
        0.130833,
        0.348125,
        0.1025,
        0.395625,
        0.0725,
        0.443125,
        0.0575,
        0.506875,
        0.0575,
        0.553125,
        0.0625,
        0.614375,
        0.0675,
        0.668125,
        0.1325,
        0.723125,
        0.194167,
        0.761875,
        0.2525,
        0.774375,
        0.314167,
        0.785625,
        0.394167,
        0.791875,
        0.4425,
        0.793125,
        0.4875,
        0.766875,
        0.540833,
        0.755625,
        0.585833,
        0.800625,
        0.675833,
        0.818125,
        0.710833,
        0.863125,
        0.595833,
        0.889375,
        0.619167,
        0.899375,
        0.675833,
        0.876875,
        0.7575,
        0.844375,
        0.810833,
        0.835625,
        0.879167,
        0.845625,
        0.954167,
        0.860625,
        0.990833,
        0.860625,
        0.9925,
        0.860625,
        0.9925
      ]
    }
  ],
  "images\\val\\dog_affine_transform.jpg": [
    {
      "class_id": 1,
      "polygon": [
        0.443081,
        1.0,
        0.448266,
        1.0,
        0.420828,
        1.0,
        0.418452,
        0.981056,
        0.410899,
        0.910383,
        0.387335,
        0.813979,
        0.389322,
        0.735254,
        0.376967,
        0.653707,
        0.352516,
        0.609819,
        0.324793,
        0.549912,
        0.32,
        0.507489,
        0.330207,
        0.452163,
        0.372882,
        0.406268,
        0.395242,
        0.374632,
        0.43786,
        0.267387,
        0.461384,
        0.239344,
        0.5125,
        0.211606,
        0.562956,
        0.199592,
        0.629789,
        0.204574,
        0.678056,
        0.213431,
        0.742049,
        0.223459,
        0.795541,
        0.295803,
        0.85049,
        0.364751,
        0.88855,
        0.428933,
        0.898944,
        0.494559,
        0.907221,
        0.579308,
        0.911648,
        0.630467,
        0.910981,
        0.677741,
        0.881117,
        0.731602,
        0.867344,
        0.777899,
        0.910564,
        0.875769,
        0.927372,
        0.913829,
        0.979604,
        0.796784,
        1.0,
        0.823297,
        1.0,
        0.883486,
        0.986912,
        0.967344,
        0.950496,
        1.0,
        0.938319,
        1.0,
        0.945505,
        1.0,
        0.959619,
        1.0,
        0.959546,
        1.0,
        0.959546,
        1.0
      ]
    }
  ],
  "images\\val\\dog_crop74.jpg": [
    {
      "class_id": 1,
      "polygon": [
        0.368125,
        0.995833,
        0.370625,
        0.9375,
        0.343125,
        0.905833,
        0.336875,
        0.810833,
        0.326875,
        0.744167,
        0.300625,
        0.654167,
        0.299375,
        0.579167,
        0.284375,
        0.5025,
        0.259375,
        0.4625,
        0.230625,
        0.4075,
        0.224375,
        0.3675,
        0.231875,
        0.314167,
        0.270625,
        0.2675,
        0.290625,
        0.235833,
        0.326875,
        0.130833,
        0.348125,
        0.1025,
        0.395625,
        0.0725,
        0.443125,
        0.0575,
        0.506875,
        0.0575,
        0.553125,
        0.0625,
        0.614375,
        0.0675,
        0.668125,
        0.1325,
        0.723125,
        0.194167,
        0.761875,
        0.2525,
        0.774375,
        0.314167,
        0.785625,
        0.394167,
        0.791875,
        0.4425,
        0.793125,
        0.4875,
        0.766875,
        0.540833,
        0.755625,
        0.585833,
        0.800625,
        0.675833,
        0.818125,
        0.710833,
        0.863125,
        0.595833,
        0.889375,
        0.619167,
        0.899375,
        0.675833,
        0.876875,
        0.7575,
        0.844375,
        0.810833,
        0.835625,
        0.879167,
        0.845625,
        0.954167,
        0.860625,
        0.990833,
        0.860625,
        0.9925,
        0.860625,
        0.9925
      ]
    }
  ],
  "images\\val\\dog_rotate-40.jpg": [
    {
      "class_id": 1,
      "polygon": [
        0.641878,
        0.9909,
        0.615305,
        0.94444,
        0.578969,
        0.944258,
        0.527856,
        0.87755,
        0.487724,
        0.835609,
        0.423866,
        0.790052,
        0.386311,
        0.734191,
        0.337502,
        0.688996,
        0.298997,
        0.680317,
        0.250324,
        0.663504,
        0.226055,
        0.638556,
        0.205719,
        0.591554,
        0.212363,
        0.522498,
        0.212093,
        0.4811,
        0.188368,
        0.369923,
        0.190674,
        0.329971,
        0.212097,
        0.265978,
        0.240841,
        0.213373,
        0.289244,
        0.158057,
        0.326801,
        0.121722,
        0.375747,
        0.072372,
        0.448283,
        0.075086,
        0.520141,
        0.074184,
        0.578034,
        0.084852,
        0.617623,
        0.120827,
        0.665212,
        0.171807,
        0.693548,
        0.203082,
        0.71646,
        0.236165,
        0.72256,
        0.299436,
        0.735982,
        0.343365,
        0.814077,
        0.372653,
        0.844447,
        0.384043,
        0.822485,
        0.25768,
        0.853804,
        0.25262,
        0.889055,
        0.286968,
        0.911831,
        0.368498,
        0.913186,
        0.437193,
        0.939894,
        0.496669,
        0.984093,
        0.544937,
        1.0,
        0.559762,
        1.0,
        0.561027,
        1.0,
        0.561027
      ]
    }
  ],
  "images\\val\\dog_rotate-40_affine_transform.jpg": [
    {
      "class_id": 1,
      "polygon": [
        0.73029,
        1.0,
        0.704474,
        1.0,
        0.666388,
        1.0,
        0.615736,
        1.0,
        0.575507,
        1.0,
        0.510563,
        0.966067,
        0.473648,
        0.90457,
        0.424465,
        0.853375,
        0.38448,
        0.841267,
        0.334191,
        0.819837,
        0.309845,
        0.791786,
        0.290592,
        0.740921,
        0.300593,
        0.669045,
        0.30213,
        0.625624,
        0.282145,
        0.507215,
        0.286318,
        0.465512,
        0.31159,
        0.400098,
        0.344037,
        0.347195,
        0.397213,
        0.292987,
        0.438183,
        0.25783,
        0.491666,
        0.209918,
        0.567591,
        0.218432,
        0.642964,
        0.223102,
        0.703188,
        0.23881,
        0.74311,
        0.279619,
        0.790759,
        0.336784,
        0.81909,
        0.371786,
        0.841657,
        0.408259,
        0.845271,
        0.475067,
        0.857411,
        0.52217,
        0.937994,
        0.558977,
        0.969333,
        0.573291,
        0.951863,
        0.439101,
        0.98492,
        0.436243,
        1.0,
        0.475007,
        1.0,
        0.562261,
        1.0,
        0.634384,
        1.0,
        0.698823,
        1.0,
        0.75288,
        1.0,
        0.77071,
        1.0,
        0.7721,
        1.0,
        0.7721
      ]
    }
  ],
  "images\\val\\dog_rotate-40_crop74.jpg": [
    {
      "class_id": 1,
      "polygon": [
        0.641878,
        0.9909,
        0.615305,
        0.94444,
        0.578969,
        0.944258,
        0.527856,
        0.87755,
        0.487724,
        0.835609,
        0.423866,
        0.790052,
        0.386311,
        0.734191,
        0.337502,
        0.688996,
        0.298997,
        0.680317,
        0.250324,
        0.663504,
        0.226055,
        0.638556,
        0.205719,
        0.591554,
        0.212363,
        0.522498,
        0.212093,
        0.4811,
        0.188368,
        0.369923,
        0.190674,
        0.329971,
        0.212097,
        0.265978,
        0.240841,
        0.213373,
        0.289244,
        0.158057,
        0.326801,
        0.121722,
        0.375747,
        0.072372,
        0.448283,
        0.075086,
        0.520141,
        0.074184,
        0.578034,
        0.084852,
        0.617623,
        0.120827,
        0.665212,
        0.171807,
        0.693548,
        0.203082,
        0.71646,
        0.236165,
        0.72256,
        0.299436,
        0.735982,
        0.343365,
        0.814077,
        0.372653,
        0.844447,
        0.384043,
        0.822485,
        0.25768,
        0.853804,
        0.25262,
        0.889055,
        0.286968,
        0.911831,
        0.368498,
        0.913186,
        0.437193,
        0.939894,
        0.496669,
        0.984093,
        0.544937,
        1.0,
        0.559762,
        1.0,
        0.561027,
        1.0,
        0.561027
      ]
    }
  ],
  "images\\val\\dog_rotate40.jpg": [
    {
      "class_id": 1,
      "polygon": [
        0.157864,
        0.762044,
        0.188234,
        0.719923,
        0.18281,
        0.672017,
        0.224432,
        0.594463,
        0.249378,
        0.535168,
        0.273375,
        0.444057,
        0.309031,
        0.386027,
        0.335062,
        0.314801,
        0.335603,
        0.262737,
        0.340619,
        0.196031,
        0.355397,
        0.160237,
        0.387122,
        0.12625,
        0.439321,
        0.124441,
        0.469962,
        0.117751,
        0.548734,
        0.069482,
        0.578698,
        0.066408,
        0.629406,
        0.084845,
        0.672792,
        0.114672,
        0.721196,
        0.169988,
        0.753872,
        0.213915,
        0.797937,
        0.270858,
        0.807022,
        0.36685,
        0.818684,
        0.461395,
        0.819634,
        0.539309,
        0.799027,
        0.596977,
        0.768522,
        0.66748,
        0.749677,
        0.709602,
        0.728662,
        0.744853,
        0.682701,
        0.762571,
        0.652195,
        0.786976,
        0.642435,
        0.894357,
        0.63864,
        0.936116,
        0.728936,
        0.887847,
        0.737478,
        0.92834,
        0.717413,
        0.980042,
        0.66047,
        1.0,
        0.609762,
        1.0,
        0.569767,
        1.0,
        0.540753,
        1.0,
        0.534246,
        1.0,
        0.533432,
        1.0,
        0.533432,
        1.0
      ]
    }
  ],
  "images\\val\\dog_rotate40_affine_transform.jpg": [
    {
      "class_id": 1,
      "polygon": [
        0.232928,
        0.915917,
        0.266618,
        0.874132,
        0.263038,
        0.823486,
        0.310082,
        0.745434,
        0.338841,
        0.685221,
        0.368003,
        0.591578,
        0.407936,
        0.533528,
        0.438356,
        0.460892,
        0.441213,
        0.406353,
        0.449403,
        0.336812,
        0.466469,
        0.300442,
        0.501223,
        0.267291,
        0.556026,
        0.269473,
        0.588443,
        0.264855,
        0.673146,
        0.220407,
        0.704694,
        0.219526,
        0.757044,
        0.242818,
        0.801218,
        0.277478,
        0.84953,
        0.339252,
        0.881856,
        0.387857,
        0.925548,
        0.450998,
        0.930854,
        0.552342,
        0.938923,
        0.652371,
        0.936494,
        0.734127,
        0.912355,
        0.792974,
        0.877276,
        0.864503,
        0.855668,
        0.907188,
        0.832087,
        0.942503,
        0.783124,
        0.957485,
        0.75007,
        0.980687,
        0.735118,
        1.0,
        0.729303,
        1.0,
        0.826088,
        1.0,
        0.833264,
        1.0,
        0.809955,
        1.0,
        0.74839,
        1.0,
        0.69469,
        1.0,
        0.650813,
        1.0,
        0.617512,
        1.0,
        0.608894,
        1.0,
        0.607986,
        1.0,
        0.607986,
        1.0
      ]
    }
  ],
  "images\\val\\dog_rotate40_crop74.jpg": [
    {
      "class_id": 1,
      "polygon": [
        0.157864,
        0.762044,
        0.188234,
        0.719923,
        0.18281,
        0.672017,
        0.224432,
        0.594463,
        0.249378,
        0.535168,
        0.273375,
        0.444057,
        0.309031,
        0.386027,
        0.335062,
        0.314801,
        0.335603,
        0.262737,
        0.340619,
        0.196031,
        0.355397,
        0.160237,
        0.387122,
        0.12625,
        0.439321,
        0.124441,
        0.469962,
        0.117751,
        0.548734,
        0.069482,
        0.578698,
        0.066408,
        0.629406,
        0.084845,
        0.672792,
        0.114672,
        0.721196,
        0.169988,
        0.753872,
        0.213915,
        0.797937,
        0.270858,
        0.807022,
        0.36685,
        0.818684,
        0.461395,
        0.819634,
        0.539309,
        0.799027,
        0.596977,
        0.768522,
        0.66748,
        0.749677,
        0.709602,
        0.728662,
        0.744853,
        0.682701,
        0.762571,
        0.652195,
        0.786976,
        0.642435,
        0.894357,
        0.63864,
        0.936116,
        0.728936,
        0.887847,
        0.737478,
        0.92834,
        0.717413,
        0.980042,
        0.66047,
        1.0,
        0.609762,
        1.0,
        0.569767,
        1.0,
        0.540753,
        1.0,
        0.534246,
        1.0,
        0.533432,
        1.0,
        0.533432,
        1.0
      ]
    }
  ],
  "images\\test\\car.jpg": [
    {
      "class_id": 1,
      "polygon": [
        0.179375,
        0.9825,
        0.163125,
        0.930833,
        0.170625,
        0.860833,
        0.196875,
        0.730833,
        0.261875,
        0.5975,
        0.256875,
        0.545833,
        0.296875,
        0.4825,
        0.338125,
        0.4175,
        0.408125,
        0.375833,
        0.401875,
        0.3025,
        0.449375,
        0.2225,
        0.496875,
        0.224167,
        0.548125,
        0.3425,
        0.575625,
        0.3575,
        0.601875,
        0.240833,
        0.643125,
        0.149167,
        0.690625,
        0.239167,
        0.679375,
        0.325833,
        0.678125,
        0.3625,
        0.694375,
        0.399167,
        0.723125,
        0.465833,
        0.741875,
        0.545833,
        0.738125,
        0.660833,
        0.651875,
        0.685833,
        0.588125,
        0.714167,
        0.584375,
        0.799167,
        0.613125,
        0.9075,
        0.621875,
        0.984167
      ]
    }
  ],
  "images\\test\\car_affine_transform.jpg": [
    {
      "class_id": 1,
      "polygon": [
        0.245788,
        1.0,
        0.231023,
        1.0,
        0.241963,
        1.0,
        0.275198,
        0.886246,
        0.349202,
        0.751544,
        0.346232,
        0.696987,
        0.39095,
        0.633717,
        0.437053,
        0.568797,
        0.51227,
        0.530586,
        0.508941,
        0.453218,
        0.562255,
        0.373061,
        0.611979,
        0.37852,
        0.660506,
        0.506582,
        0.688677,
        0.524456,
        0.721325,
        0.404199,
        0.768599,
        0.311322,
        0.81444,
        0.409387,
        0.798836,
        0.499366,
        0.795914,
        0.537708,
        0.811338,
        0.577418,
        0.838548,
        0.649556,
        0.854688,
        0.73489,
        0.845701,
        0.855159,
        0.754181,
        0.874627,
        0.686102,
        0.899349,
        0.678434,
        0.988167,
        0.703812,
        1.0,
        0.709615,
        1.0
      ]
    }
  ],
  "images\\test\\car_crop74.jpg": [
    {
      "class_id": 1,
      "polygon": [
        0.179375,
        0.9825,
        0.163125,
        0.930833,
        0.170625,
        0.860833,
        0.196875,
        0.730833,
        0.261875,
        0.5975,
        0.256875,
        0.545833,
        0.296875,
        0.4825,
        0.338125,
        0.4175,
        0.408125,
        0.375833,
        0.401875,
        0.3025,
        0.449375,
        0.2225,
        0.496875,
        0.224167,
        0.548125,
        0.3425,
        0.575625,
        0.3575,
        0.601875,
        0.240833,
        0.643125,
        0.149167,
        0.690625,
        0.239167,
        0.679375,
        0.325833,
        0.678125,
        0.3625,
        0.694375,
        0.399167,
        0.723125,
        0.465833,
        0.741875,
        0.545833,
        0.738125,
        0.660833,
        0.651875,
        0.685833,
        0.588125,
        0.714167,
        0.584375,
        0.799167,
        0.613125,
        0.9075,
        0.621875,
        0.984167
      ]
    }
  ],
  "images\\test\\car_rotate-40.jpg": [
    {
      "class_id": 1,
      "polygon": [
        0.492058,
        1.0,
        0.454502,
        1.0,
        0.426031,
        1.0,
        0.382511,
        0.938286,
        0.366786,
        0.78065,
        0.337773,
        0.745759,
        0.337232,
        0.662964,
        0.336826,
        0.577819,
        0.369639,
        0.485444,
        0.329101,
        0.435187,
        0.32612,
        0.333229,
        0.362998,
        0.293279,
        0.459667,
        0.338657,
        0.487868,
        0.326184,
        0.450857,
        0.214825,
        0.437436,
        0.109433,
        0.517428,
        0.136552,
        0.551187,
        0.212117,
        0.568134,
        0.241041,
        0.598369,
        0.254781,
        0.652736,
        0.280453,
        0.706019,
        0.324925,
        0.759301,
        0.415495,
        0.706016,
        0.509316,
        0.671441,
        0.586145,
        0.710081,
        0.653937,
        0.784785,
        0.711245,
        0.828849,
        0.761863
      ]
    }
  ],
  "images\\test\\car_rotate-40_affine_transform.jpg": [
    {
      "class_id": 1,
      "polygon": [
        0.566469,
        1.0,
        0.528202,
        1.0,
        0.500976,
        1.0,
        0.460692,
        1.0,
        0.451136,
        0.95175,
        0.422253,
        0.912904,
        0.425326,
        0.826063,
        0.428644,
        0.736768,
        0.467104,
        0.64249,
        0.426814,
        0.586634,
        0.428171,
        0.479513,
        0.46859,
        0.440513,
        0.567939,
        0.495639,
        0.598052,
        0.484767,
        0.564146,
        0.365131,
        0.554709,
        0.253592,
        0.637378,
        0.288274,
        0.669448,
        0.370132,
        0.685943,
        0.40178,
        0.717036,
        0.418547,
        0.772904,
        0.449709,
        0.826809,
        0.500496,
        0.878686,
        0.599611,
        0.8187,
        0.693805,
        0.779076,
        0.771647,
        0.816604,
        0.845737,
        0.892402,
        0.911655,
        0.936371,
        0.968165
      ]
    }
  ],
  "images\\test\\car_rotate-40_crop74.jpg": [
    {
      "class_id": 1,
      "polygon": [
        0.492058,
        1.0,
        0.454502,
        1.0,
        0.426031,
        1.0,
        0.382511,
        0.938286,
        0.366786,
        0.78065,
        0.337773,
        0.745759,
        0.337232,
        0.662964,
        0.336826,
        0.577819,
        0.369639,
        0.485444,
        0.329101,
        0.435187,
        0.32612,
        0.333229,
        0.362998,
        0.293279,
        0.459667,
        0.338657,
        0.487868,
        0.326184,
        0.450857,
        0.214825,
        0.437436,
        0.109433,
        0.517428,
        0.136552,
        0.551187,
        0.212117,
        0.568134,
        0.241041,
        0.598369,
        0.254781,
        0.652736,
        0.280453,
        0.706019,
        0.324925,
        0.759301,
        0.415495,
        0.706016,
        0.509316,
        0.671441,
        0.586145,
        0.710081,
        0.653937,
        0.784785,
        0.711245,
        0.828849,
        0.761863
      ]
    }
  ],
  "images\\test\\car_rotate40.jpg": [
    {
      "class_id": 1,
      "polygon": [
        0.02106,
        0.588142,
        0.033939,
        0.534813,
        0.073799,
        0.488172,
        0.157181,
        0.412244,
        0.271611,
        0.367408,
        0.293032,
        0.323841,
        0.354314,
        0.310461,
        0.41736,
        0.296901,
        0.490845,
        0.326004,
        0.521892,
        0.264901,
        0.597004,
        0.245375,
        0.632256,
        0.287856,
        0.613413,
        0.422173,
        0.626971,
        0.457424,
        0.703845,
        0.391619,
        0.779906,
        0.357812,
        0.772044,
        0.467362,
        0.721202,
        0.523404,
        0.702356,
        0.550159,
        0.696798,
        0.592099,
        0.686088,
        0.667664,
        0.661278,
        0.744675,
        0.602302,
        0.828737,
        0.524613,
        0.77288,
        0.46238,
        0.739077,
        0.418046,
        0.800361,
        0.387,
        0.907562,
        0.356224,
        0.973365
      ]
    }
  ],
  "images\\test\\car_rotate40_affine_transform.jpg": [
    {
      "class_id": 1,
      "polygon": [
        0.097152,
        0.722914,
        0.112999,
        0.668012,
        0.156837,
        0.62223,
        0.247589,
        0.549146,
        0.369524,
        0.511085,
        0.393896,
        0.467084,
        0.458731,
        0.457847,
        0.525421,
        0.448558,
        0.601181,
        0.484811,
        0.636416,
        0.423179,
        0.716019,
        0.408579,
        0.751108,
        0.45587,
        0.725449,
        0.59521,
        0.738114,
        0.633225,
        0.821598,
        0.570246,
        0.902823,
        0.540747,
        0.889765,
        0.654981,
        0.834001,
        0.70976,
        0.813068,
        0.736337,
        0.805397,
        0.779871,
        0.790848,
        0.858253,
        0.761452,
        0.937049,
        0.695928,
        1.0,
        0.616937,
        0.955938,
        0.553181,
        0.915637,
        0.504009,
        0.97642,
        0.466748,
        1.0,
        0.431591,
        1.0
      ]
    }
  ],
  "images\\test\\car_rotate40_crop74.jpg": [
    {
      "class_id": 1,
      "polygon": [
        0.02106,
        0.588142,
        0.033939,
        0.534813,
        0.073799,
        0.488172,
        0.157181,
        0.412244,
        0.271611,
        0.367408,
        0.293032,
        0.323841,
        0.354314,
        0.310461,
        0.41736,
        0.296901,
        0.490845,
        0.326004,
        0.521892,
        0.264901,
        0.597004,
        0.245375,
        0.632256,
        0.287856,
        0.613413,
        0.422173,
        0.626971,
        0.457424,
        0.703845,
        0.391619,
        0.779906,
        0.357812,
        0.772044,
        0.467362,
        0.721202,
        0.523404,
        0.702356,
        0.550159,
        0.696798,
        0.592099,
        0.686088,
        0.667664,
        0.661278,
        0.744675,
        0.602302,
        0.828737,
        0.524613,
        0.77288,
        0.46238,
        0.739077,
        0.418046,
        0.800361,
        0.387,
        0.907562,
        0.356224,
        0.973365
      ]
    }
  ]
}