{
  "release_name": "thress tools",
  "description": "",
  "project_id": 1,
  "dataset_ids": [
    "7c2978c8-d056-46da-8baa-8d37258021d4"
  ],
  "export_format": "yolo_segmentation",
  "task_type": "segmentation",
  "images_per_original": 9,
  "sampling_strategy": "intelligent",
  "output_format": "jpg",
  "include_original": true,
  "split_sections": [
    "train",
    "val",
    "test"
  ],
  "preserve_original_splits": true,
  "classes": [
    "cat",
    "dog"
  ],
  "split_counts": {
    "train": 9,
    "val": 9,
    "test": 9
  },
  "total_images": 27,
  "transformations": [
    {
      "type": "resize",
      "params": {
        "width": 500,
        "height": 500
      }
    },
    {
      "type": "crop",
      "params": {
        "crop_percentage": 74
      }
    },
    {
      "type": "rotate",
      "params": {
        "angle": 40.6
      }
    },
    {
      "type": "affine_transform",
      "params": {
        "scale_factor": 1.05,
        "rotation_angle": 3.2,
        "horizontal_shift": 11,
        "vertical_shift": 16
      }
    }
  ]
}