{
  "release_name": "ck-1",
  "description": "",
  "project_id": 1,
  "dataset_ids": [
    "1c62d270-2df3-4568-986d-0cff06cd7e7d",
    "a219eb20-a464-44b5-8b28-7ef1f798675a"
  ],
  "export_format": "yolo_detection",
  "task_type": "object_detection",
  "images_per_original": 3,
  "sampling_strategy": "intelligent",
  "output_format": "png",
  "include_original": true,
  "split_sections": [
    "train",
    "val",
    "test"
  ],
  "preserve_original_splits": true,
  "classes": [
    0,
    1,
    2,
    3,
    4
  ]
}