{
  "images\\train\\cat.jpg": [
    {
      "class_id": 0,
      "bbox": [
        0.45125,
        0.503333,
        0.62875,
        0.925
      ]
    }
  ],
  "images\\train\\cat_flip_horizontal.jpg": [
    {
      "class_id": 12,
      "bbox": [
        0.54875,
        0.503333,
        0.62875,
        0.925
      ]
    }
  ],
  "images\\train\\cat_rotate-24.jpg": [
    {
      "class_id": 12,
      "bbox": [
        0.373914,
        0.384183,
        0.704474,
        0.768367
      ]
    }
  ],
  "images\\train\\cat_rotate-24_flip_horizontal.jpg": [
    {
      "class_id": 12,
      "bbox": [
        0.626086,
        0.384183,
        0.704474,
        0.768367
      ]
    }
  ],
  "images\\train\\cat_rotate24.jpg": [
    {
      "class_id": 12,
      "bbox": [
        0.372209,
        0.365704,
        0.704474,
        0.731409
      ]
    }
  ],
  "images\\train\\cat_rotate24_flip_horizontal.jpg": [
    {
      "class_id": 12,
      "bbox": [
        0.627791,
        0.365704,
        0.704474,
        0.731409
      ]
    }
  ],
  "images\\val\\dog.jpg": [
    {
      "class_id": 1,
      "bbox": [
        0.561875,
        0.526667,
        0.675,
        0.938333
      ]
    }
  ],
  "images\\val\\dog_flip_horizontal.jpg": [
    {
      "class_id": 1,
      "bbox": [
        0.438125,
        0.526667,
        0.675,
        0.938333
      ]
    }
  ],
  "images\\val\\dog_rotate-24.jpg": [
    {
      "class_id": 1,
      "bbox": [
        0.462226,
        0.376914,
        0.74231,
        0.753828
      ]
    }
  ],
  "images\\val\\dog_rotate-24_flip_horizontal.jpg": [
    {
      "class_id": 1,
      "bbox": [
        0.537774,
        0.376914,
        0.74231,
        0.753828
      ]
    }
  ],
  "images\\val\\dog_rotate24.jpg": [
    {
      "class_id": 1,
      "bbox": [
        0.448594,
        0.400368,
        0.74231,
        0.800736
      ]
    }
  ],
  "images\\val\\dog_rotate24_flip_horizontal.jpg": [
    {
      "class_id": 1,
      "bbox": [
        0.551406,
        0.400368,
        0.74231,
        0.800736
      ]
    }
  ],
  "images\\test\\car.jpg": [
    {
      "class_id": 1,
      "bbox": [
        0.4525,
        0.566667,
        0.57875,
        0.835
      ]
    }
  ],
  "images\\test\\car_flip_horizontal.jpg": [
    {
      "class_id": 1,
      "bbox": [
        0.5475,
        0.566667,
        0.57875,
        0.835
      ]
    }
  ],
  "images\\test\\car_rotate-24.jpg": [
    {
      "class_id": 1,
      "bbox": [
        0.391032,
        0.400867,
        0.644249,
        0.737867
      ]
    }
  ],
  "images\\test\\car_rotate-24_flip_horizontal.jpg": [
    {
      "class_id": 1,
      "bbox": [
        0.608968,
        0.400867,
        0.644249,
        0.737867
      ]
    }
  ],
  "images\\test\\car_rotate24.jpg": [
    {
      "class_id": 1,
      "bbox": [
        0.356952,
        0.366895,
        0.644249,
        0.73379
      ]
    }
  ],
  "images\\test\\car_rotate24_flip_horizontal.jpg": [
    {
      "class_id": 1,
      "bbox": [
        0.643048,
        0.366895,
        0.644249,
        0.73379
      ]
    }
  ]
}